
v1.elf:     file format elf32-avr

Sections:
Idx Name          Size      VMA       LMA       File off  Algn
  0 .data         00000178  00800100  00001498  0000152c  2**0
                  CONTENTS, ALLOC, LOAD, DATA
  1 .text         00001498  00000000  00000000  00000094  2**1
                  CONTENTS, ALLOC, LOAD, READONLY, CODE
  2 .bss          00000093  00800278  00800278  000016a4  2**0
                  ALLOC
  3 .comment      00000030  00000000  00000000  000016a4  2**0
                  CONTENTS, READONLY
  4 .note.gnu.avr.deviceinfo 00000040  00000000  00000000  000016d4  2**2
                  CONTENTS, READONLY
  5 .debug_aranges 000001a8  00000000  00000000  00001714  2**0
                  CONTENTS, READONLY, DEBUGGING
  6 .debug_info   00001682  00000000  00000000  000018bc  2**0
                  CONTENTS, READONLY, DEBUGGING
  7 .debug_abbrev 00000ec5  00000000  00000000  00002f3e  2**0
                  CONTENTS, READONLY, DEBUGGING
  8 .debug_line   00001142  00000000  00000000  00003e03  2**0
                  CONTENTS, READONLY, DEBUGGING
  9 .debug_frame  00000498  00000000  00000000  00004f48  2**2
                  CONTENTS, READONLY, DEBUGGING
 10 .debug_str    000007fa  00000000  00000000  000053e0  2**0
                  CONTENTS, READONLY, DEBUGGING
 11 .debug_loc    00000852  00000000  00000000  00005bda  2**0
                  CONTENTS, READONLY, DEBUGGING
 12 .debug_ranges 00000110  00000000  00000000  0000642c  2**0
                  CONTENTS, READONLY, DEBUGGING

Disassembly of section .text:

00000000 <__vectors>:
       0:	0c 94 5a 00 	jmp	0xb4	; 0xb4 <__ctors_end>
       4:	0c 94 77 00 	jmp	0xee	; 0xee <__bad_interrupt>
       8:	0c 94 77 00 	jmp	0xee	; 0xee <__bad_interrupt>
       c:	0c 94 77 00 	jmp	0xee	; 0xee <__bad_interrupt>
      10:	0c 94 77 00 	jmp	0xee	; 0xee <__bad_interrupt>
      14:	0c 94 77 00 	jmp	0xee	; 0xee <__bad_interrupt>
      18:	0c 94 77 00 	jmp	0xee	; 0xee <__bad_interrupt>
      1c:	0c 94 77 00 	jmp	0xee	; 0xee <__bad_interrupt>
      20:	0c 94 77 00 	jmp	0xee	; 0xee <__bad_interrupt>
      24:	0c 94 77 00 	jmp	0xee	; 0xee <__bad_interrupt>
      28:	0c 94 77 00 	jmp	0xee	; 0xee <__bad_interrupt>
      2c:	0c 94 eb 04 	jmp	0x9d6	; 0x9d6 <__vector_11>
      30:	0c 94 77 00 	jmp	0xee	; 0xee <__bad_interrupt>
      34:	0c 94 77 00 	jmp	0xee	; 0xee <__bad_interrupt>
      38:	0c 94 77 00 	jmp	0xee	; 0xee <__bad_interrupt>
      3c:	0c 94 77 00 	jmp	0xee	; 0xee <__bad_interrupt>
      40:	0c 94 77 00 	jmp	0xee	; 0xee <__bad_interrupt>
      44:	0c 94 77 00 	jmp	0xee	; 0xee <__bad_interrupt>
      48:	0c 94 77 00 	jmp	0xee	; 0xee <__bad_interrupt>
      4c:	0c 94 77 00 	jmp	0xee	; 0xee <__bad_interrupt>
      50:	0c 94 77 00 	jmp	0xee	; 0xee <__bad_interrupt>
      54:	0c 94 77 00 	jmp	0xee	; 0xee <__bad_interrupt>
      58:	0c 94 77 00 	jmp	0xee	; 0xee <__bad_interrupt>
      5c:	0c 94 77 00 	jmp	0xee	; 0xee <__bad_interrupt>
      60:	0c 94 77 00 	jmp	0xee	; 0xee <__bad_interrupt>
      64:	0c 94 77 00 	jmp	0xee	; 0xee <__bad_interrupt>
      68:	0c 94 77 00 	jmp	0xee	; 0xee <__bad_interrupt>
      6c:	0c 94 37 06 	jmp	0xc6e	; 0xc6e <__vector_27>
      70:	0c 94 77 00 	jmp	0xee	; 0xee <__bad_interrupt>
      74:	0c 94 77 00 	jmp	0xee	; 0xee <__bad_interrupt>
      78:	0c 94 77 00 	jmp	0xee	; 0xee <__bad_interrupt>
      7c:	0c 94 77 00 	jmp	0xee	; 0xee <__bad_interrupt>
      80:	0c 94 77 00 	jmp	0xee	; 0xee <__bad_interrupt>
      84:	0c 94 dd 05 	jmp	0xbba	; 0xbba <__vector_33>
      88:	0c 94 77 00 	jmp	0xee	; 0xee <__bad_interrupt>
      8c:	0c 94 77 00 	jmp	0xee	; 0xee <__bad_interrupt>
      90:	0c 94 77 00 	jmp	0xee	; 0xee <__bad_interrupt>
      94:	0c 94 77 00 	jmp	0xee	; 0xee <__bad_interrupt>
      98:	0c 94 77 00 	jmp	0xee	; 0xee <__bad_interrupt>
      9c:	0c 94 77 00 	jmp	0xee	; 0xee <__bad_interrupt>
      a0:	0c 94 77 00 	jmp	0xee	; 0xee <__bad_interrupt>
      a4:	0c 94 77 00 	jmp	0xee	; 0xee <__bad_interrupt>
      a8:	0c 94 79 00 	jmp	0xf2	; 0xf2 <__vector_42>
      ac:	0c 94 77 00 	jmp	0xee	; 0xee <__bad_interrupt>
      b0:	0c 94 77 00 	jmp	0xee	; 0xee <__bad_interrupt>

000000b4 <__ctors_end>:
      b4:	11 24       	eor	r1, r1
      b6:	1f be       	out	0x3f, r1	; 63
      b8:	cf ef       	ldi	r28, 0xFF	; 255
      ba:	d8 e0       	ldi	r29, 0x08	; 8
      bc:	de bf       	out	0x3e, r29	; 62
      be:	cd bf       	out	0x3d, r28	; 61

000000c0 <__do_copy_data>:
      c0:	12 e0       	ldi	r17, 0x02	; 2
      c2:	a0 e0       	ldi	r26, 0x00	; 0
      c4:	b1 e0       	ldi	r27, 0x01	; 1
      c6:	e8 e9       	ldi	r30, 0x98	; 152
      c8:	f4 e1       	ldi	r31, 0x14	; 20
      ca:	02 c0       	rjmp	.+4      	; 0xd0 <__do_copy_data+0x10>
      cc:	05 90       	lpm	r0, Z+
      ce:	0d 92       	st	X+, r0
      d0:	a8 37       	cpi	r26, 0x78	; 120
      d2:	b1 07       	cpc	r27, r17
      d4:	d9 f7       	brne	.-10     	; 0xcc <__do_copy_data+0xc>

000000d6 <__do_clear_bss>:
      d6:	23 e0       	ldi	r18, 0x03	; 3
      d8:	a8 e7       	ldi	r26, 0x78	; 120
      da:	b2 e0       	ldi	r27, 0x02	; 2
      dc:	01 c0       	rjmp	.+2      	; 0xe0 <.do_clear_bss_start>

000000de <.do_clear_bss_loop>:
      de:	1d 92       	st	X+, r1

000000e0 <.do_clear_bss_start>:
      e0:	ab 30       	cpi	r26, 0x0B	; 11
      e2:	b2 07       	cpc	r27, r18
      e4:	e1 f7       	brne	.-8      	; 0xde <.do_clear_bss_loop>
      e6:	0e 94 e7 07 	call	0xfce	; 0xfce <main>
      ea:	0c 94 4a 0a 	jmp	0x1494	; 0x1494 <_exit>

000000ee <__bad_interrupt>:
      ee:	0c 94 00 00 	jmp	0	; 0x0 <__vectors>

000000f2 <__vector_42>:
volatile uint8_t HM_D1 = 1;
volatile uint8_t ACABAT_D1 = 0;
volatile uint8_t mov_acabat_d1 = 0;

// ISR PWM. Genera steps per al motor D1 (Fq: 1kHz)
ISR(TIMER4_COMPA_vect) {
      f2:	1f 92       	push	r1
      f4:	0f 92       	push	r0
      f6:	00 90 5f 00 	lds	r0, 0x005F	; 0x80005f <__TEXT_REGION_LENGTH__+0x7f805f>
      fa:	0f 92       	push	r0
      fc:	11 24       	eor	r1, r1
      fe:	2f 93       	push	r18
     100:	3f 93       	push	r19
     102:	8f 93       	push	r24
     104:	9f 93       	push	r25
     106:	ef 93       	push	r30
     108:	ff 93       	push	r31
     10a:	cf 93       	push	r28
     10c:	df 93       	push	r29
     10e:	cd b7       	in	r28, 0x3d	; 61
     110:	de b7       	in	r29, 0x3e	; 62
	step_count_d1++;
     112:	80 91 78 02 	lds	r24, 0x0278	; 0x800278 <__data_end>
     116:	90 91 79 02 	lds	r25, 0x0279	; 0x800279 <__data_end+0x1>
     11a:	01 96       	adiw	r24, 0x01	; 1
     11c:	90 93 79 02 	sts	0x0279, r25	; 0x800279 <__data_end+0x1>
     120:	80 93 78 02 	sts	0x0278, r24	; 0x800278 <__data_end>
	if (step_count_d1 >= llista_d1[mov_index].passos) {
     124:	80 91 7d 02 	lds	r24, 0x027D	; 0x80027d <mov_index>
     128:	28 2f       	mov	r18, r24
     12a:	30 e0       	ldi	r19, 0x00	; 0
     12c:	c9 01       	movw	r24, r18
     12e:	88 0f       	add	r24, r24
     130:	99 1f       	adc	r25, r25
     132:	82 0f       	add	r24, r18
     134:	93 1f       	adc	r25, r19
     136:	88 0f       	add	r24, r24
     138:	99 1f       	adc	r25, r25
     13a:	88 0f       	add	r24, r24
     13c:	99 1f       	adc	r25, r25
     13e:	8f 57       	subi	r24, 0x7F	; 127
     140:	9e 4f       	sbci	r25, 0xFE	; 254
     142:	fc 01       	movw	r30, r24
     144:	80 81       	ld	r24, Z
     146:	91 81       	ldd	r25, Z+1	; 0x01
     148:	9c 01       	movw	r18, r24
     14a:	80 91 78 02 	lds	r24, 0x0278	; 0x800278 <__data_end>
     14e:	90 91 79 02 	lds	r25, 0x0279	; 0x800279 <__data_end+0x1>
     152:	82 17       	cp	r24, r18
     154:	93 07       	cpc	r25, r19
     156:	c0 f0       	brcs	.+48     	; 0x188 <__vector_42+0x96>
		TCCR4A &= ~(1 << COM4A1);
     158:	80 ea       	ldi	r24, 0xA0	; 160
     15a:	90 e0       	ldi	r25, 0x00	; 0
     15c:	20 ea       	ldi	r18, 0xA0	; 160
     15e:	30 e0       	ldi	r19, 0x00	; 0
     160:	f9 01       	movw	r30, r18
     162:	20 81       	ld	r18, Z
     164:	2f 77       	andi	r18, 0x7F	; 127
     166:	fc 01       	movw	r30, r24
     168:	20 83       	st	Z, r18
		TIMSK4 &= ~(1 << OCIE4A);
     16a:	82 e7       	ldi	r24, 0x72	; 114
     16c:	90 e0       	ldi	r25, 0x00	; 0
     16e:	22 e7       	ldi	r18, 0x72	; 114
     170:	30 e0       	ldi	r19, 0x00	; 0
     172:	f9 01       	movw	r30, r18
     174:	20 81       	ld	r18, Z
     176:	2d 7f       	andi	r18, 0xFD	; 253
     178:	fc 01       	movw	r30, r24
     17a:	20 83       	st	Z, r18
		mov_acabat_d1 = 1;
     17c:	81 e0       	ldi	r24, 0x01	; 1
     17e:	80 93 7c 02 	sts	0x027C, r24	; 0x80027c <mov_acabat_d1>
		HM_D1 = 3;
     182:	83 e0       	ldi	r24, 0x03	; 3
     184:	80 93 00 01 	sts	0x0100, r24	; 0x800100 <__DATA_REGION_ORIGIN__>
	}
}
     188:	00 00       	nop
     18a:	df 91       	pop	r29
     18c:	cf 91       	pop	r28
     18e:	ff 91       	pop	r31
     190:	ef 91       	pop	r30
     192:	9f 91       	pop	r25
     194:	8f 91       	pop	r24
     196:	3f 91       	pop	r19
     198:	2f 91       	pop	r18
     19a:	0f 90       	pop	r0
     19c:	00 92 5f 00 	sts	0x005F, r0	; 0x80005f <__TEXT_REGION_LENGTH__+0x7f805f>
     1a0:	0f 90       	pop	r0
     1a2:	1f 90       	pop	r1
     1a4:	18 95       	reti

000001a6 <homing_d1>:


void homing_d1(void) {
     1a6:	cf 93       	push	r28
     1a8:	df 93       	push	r29
     1aa:	cd b7       	in	r28, 0x3d	; 61
     1ac:	de b7       	in	r29, 0x3e	; 62
	while (!ACABAT_D1) {
     1ae:	92 c0       	rjmp	.+292    	; 0x2d4 <homing_d1+0x12e>
		switch (HM_D1) {
     1b0:	80 91 00 01 	lds	r24, 0x0100	; 0x800100 <__DATA_REGION_ORIGIN__>
     1b4:	88 2f       	mov	r24, r24
     1b6:	90 e0       	ldi	r25, 0x00	; 0
     1b8:	81 30       	cpi	r24, 0x01	; 1
     1ba:	91 05       	cpc	r25, r1
     1bc:	59 f0       	breq	.+22     	; 0x1d4 <homing_d1+0x2e>
     1be:	82 30       	cpi	r24, 0x02	; 2
     1c0:	91 05       	cpc	r25, r1
     1c2:	0c f4       	brge	.+2      	; 0x1c6 <homing_d1+0x20>
     1c4:	87 c0       	rjmp	.+270    	; 0x2d4 <homing_d1+0x12e>
     1c6:	82 30       	cpi	r24, 0x02	; 2
     1c8:	91 05       	cpc	r25, r1
     1ca:	69 f1       	breq	.+90     	; 0x226 <homing_d1+0x80>
     1cc:	03 97       	sbiw	r24, 0x03	; 3
     1ce:	09 f4       	brne	.+2      	; 0x1d2 <homing_d1+0x2c>
     1d0:	5c c0       	rjmp	.+184    	; 0x28a <homing_d1+0xe4>
     1d2:	80 c0       	rjmp	.+256    	; 0x2d4 <homing_d1+0x12e>
			case 0:
			break;

			case 1:
			step_count_d1 = 0;
     1d4:	10 92 79 02 	sts	0x0279, r1	; 0x800279 <__data_end+0x1>
     1d8:	10 92 78 02 	sts	0x0278, r1	; 0x800278 <__data_end>
			TCNT4 = 0;
     1dc:	84 ea       	ldi	r24, 0xA4	; 164
     1de:	90 e0       	ldi	r25, 0x00	; 0
     1e0:	fc 01       	movw	r30, r24
     1e2:	11 82       	std	Z+1, r1	; 0x01
     1e4:	10 82       	st	Z, r1
			llista_d1[mov_index].passos = 65000;
     1e6:	80 91 7d 02 	lds	r24, 0x027D	; 0x80027d <mov_index>
     1ea:	28 2f       	mov	r18, r24
     1ec:	30 e0       	ldi	r19, 0x00	; 0
     1ee:	c9 01       	movw	r24, r18
     1f0:	88 0f       	add	r24, r24
     1f2:	99 1f       	adc	r25, r25
     1f4:	82 0f       	add	r24, r18
     1f6:	93 1f       	adc	r25, r19
     1f8:	88 0f       	add	r24, r24
     1fa:	99 1f       	adc	r25, r25
     1fc:	88 0f       	add	r24, r24
     1fe:	99 1f       	adc	r25, r25
     200:	8f 57       	subi	r24, 0x7F	; 127
     202:	9e 4f       	sbci	r25, 0xFE	; 254
     204:	28 ee       	ldi	r18, 0xE8	; 232
     206:	3d ef       	ldi	r19, 0xFD	; 253
     208:	fc 01       	movw	r30, r24
     20a:	31 83       	std	Z+1, r19	; 0x01
     20c:	20 83       	st	Z, r18
			TCCR4A |= (1 << COM4A1);
     20e:	80 ea       	ldi	r24, 0xA0	; 160
     210:	90 e0       	ldi	r25, 0x00	; 0
     212:	20 ea       	ldi	r18, 0xA0	; 160
     214:	30 e0       	ldi	r19, 0x00	; 0
     216:	f9 01       	movw	r30, r18
     218:	20 81       	ld	r18, Z
     21a:	20 68       	ori	r18, 0x80	; 128
     21c:	fc 01       	movw	r30, r24
     21e:	20 83       	st	Z, r18
			HM_D1 = 0;
     220:	10 92 00 01 	sts	0x0100, r1	; 0x800100 <__DATA_REGION_ORIGIN__>
			break;
     224:	57 c0       	rjmp	.+174    	; 0x2d4 <homing_d1+0x12e>

			case 2:  // Tornar enrere
			PORTD &= ~(1 << DIR_d1); // CW
     226:	8b e2       	ldi	r24, 0x2B	; 43
     228:	90 e0       	ldi	r25, 0x00	; 0
     22a:	2b e2       	ldi	r18, 0x2B	; 43
     22c:	30 e0       	ldi	r19, 0x00	; 0
     22e:	f9 01       	movw	r30, r18
     230:	20 81       	ld	r18, Z
     232:	27 7f       	andi	r18, 0xF7	; 247
     234:	fc 01       	movw	r30, r24
     236:	20 83       	st	Z, r18
			step_count_d1 = 0;
     238:	10 92 79 02 	sts	0x0279, r1	; 0x800279 <__data_end+0x1>
     23c:	10 92 78 02 	sts	0x0278, r1	; 0x800278 <__data_end>
			TCNT4 = 0;
     240:	84 ea       	ldi	r24, 0xA4	; 164
     242:	90 e0       	ldi	r25, 0x00	; 0
     244:	fc 01       	movw	r30, r24
     246:	11 82       	std	Z+1, r1	; 0x01
     248:	10 82       	st	Z, r1
			llista_d1[mov_index].passos = 30000;
     24a:	80 91 7d 02 	lds	r24, 0x027D	; 0x80027d <mov_index>
     24e:	28 2f       	mov	r18, r24
     250:	30 e0       	ldi	r19, 0x00	; 0
     252:	c9 01       	movw	r24, r18
     254:	88 0f       	add	r24, r24
     256:	99 1f       	adc	r25, r25
     258:	82 0f       	add	r24, r18
     25a:	93 1f       	adc	r25, r19
     25c:	88 0f       	add	r24, r24
     25e:	99 1f       	adc	r25, r25
     260:	88 0f       	add	r24, r24
     262:	99 1f       	adc	r25, r25
     264:	8f 57       	subi	r24, 0x7F	; 127
     266:	9e 4f       	sbci	r25, 0xFE	; 254
     268:	20 e3       	ldi	r18, 0x30	; 48
     26a:	35 e7       	ldi	r19, 0x75	; 117
     26c:	fc 01       	movw	r30, r24
     26e:	31 83       	std	Z+1, r19	; 0x01
     270:	20 83       	st	Z, r18

			PCMSK2 &= ~(1 << PCINT23);  // ? Desactiva interrupció per PD7
     272:	8d e6       	ldi	r24, 0x6D	; 109
     274:	90 e0       	ldi	r25, 0x00	; 0
     276:	2d e6       	ldi	r18, 0x6D	; 109
     278:	30 e0       	ldi	r19, 0x00	; 0
     27a:	f9 01       	movw	r30, r18
     27c:	20 81       	ld	r18, Z
     27e:	2f 77       	andi	r18, 0x7F	; 127
     280:	fc 01       	movw	r30, r24
     282:	20 83       	st	Z, r18
			HM_D1 = 0;
     284:	10 92 00 01 	sts	0x0100, r1	; 0x800100 <__DATA_REGION_ORIGIN__>
			break;
     288:	25 c0       	rjmp	.+74     	; 0x2d4 <homing_d1+0x12e>

			case 3:
			TIMSK4 &= ~(1 << OCIE4A);
     28a:	82 e7       	ldi	r24, 0x72	; 114
     28c:	90 e0       	ldi	r25, 0x00	; 0
     28e:	22 e7       	ldi	r18, 0x72	; 114
     290:	30 e0       	ldi	r19, 0x00	; 0
     292:	f9 01       	movw	r30, r18
     294:	20 81       	ld	r18, Z
     296:	2d 7f       	andi	r18, 0xFD	; 253
     298:	fc 01       	movw	r30, r24
     29a:	20 83       	st	Z, r18
			TCCR4A &= ~(1 << COM4A1);
     29c:	80 ea       	ldi	r24, 0xA0	; 160
     29e:	90 e0       	ldi	r25, 0x00	; 0
     2a0:	20 ea       	ldi	r18, 0xA0	; 160
     2a2:	30 e0       	ldi	r19, 0x00	; 0
     2a4:	f9 01       	movw	r30, r18
     2a6:	20 81       	ld	r18, Z
     2a8:	2f 77       	andi	r18, 0x7F	; 127
     2aa:	fc 01       	movw	r30, r24
     2ac:	20 83       	st	Z, r18

			PCMSK2 |= (1 << PCINT23);   // ? Reactiva interrupció
     2ae:	8d e6       	ldi	r24, 0x6D	; 109
     2b0:	90 e0       	ldi	r25, 0x00	; 0
     2b2:	2d e6       	ldi	r18, 0x6D	; 109
     2b4:	30 e0       	ldi	r19, 0x00	; 0
     2b6:	f9 01       	movw	r30, r18
     2b8:	20 81       	ld	r18, Z
     2ba:	20 68       	ori	r18, 0x80	; 128
     2bc:	fc 01       	movw	r30, r24
     2be:	20 83       	st	Z, r18
			ACABAT_D1 = 1;
     2c0:	81 e0       	ldi	r24, 0x01	; 1
     2c2:	80 93 7b 02 	sts	0x027B, r24	; 0x80027b <ACABAT_D1>
			MOV_D1 = 0;
     2c6:	10 92 7a 02 	sts	0x027A, r1	; 0x80027a <MOV_D1>
			step_count_d1 = 0;
     2ca:	10 92 79 02 	sts	0x0279, r1	; 0x800279 <__data_end+0x1>
     2ce:	10 92 78 02 	sts	0x0278, r1	; 0x800278 <__data_end>
			break;
     2d2:	00 00       	nop
	}
}


void homing_d1(void) {
	while (!ACABAT_D1) {
     2d4:	80 91 7b 02 	lds	r24, 0x027B	; 0x80027b <ACABAT_D1>
     2d8:	88 23       	and	r24, r24
     2da:	09 f4       	brne	.+2      	; 0x2de <homing_d1+0x138>
     2dc:	69 cf       	rjmp	.-302    	; 0x1b0 <homing_d1+0xa>
			MOV_D1 = 0;
			step_count_d1 = 0;
			break;
		}
	}
}
     2de:	00 00       	nop
     2e0:	df 91       	pop	r29
     2e2:	cf 91       	pop	r28
     2e4:	08 95       	ret

000002e6 <setup_driver_q2>:
#include <avr/io.h>
#include <avr/interrupt.h>
#include "hardware_config.h"


void setup_driver_q2(void) {
     2e6:	cf 93       	push	r28
     2e8:	df 93       	push	r29
     2ea:	cd b7       	in	r28, 0x3d	; 61
     2ec:	de b7       	in	r29, 0x3e	; 62
	
	DDRB |= (1 << DIR_q2) | (1 << STEP_q2);  // PB0, PB1 com a sortides
     2ee:	84 e2       	ldi	r24, 0x24	; 36
     2f0:	90 e0       	ldi	r25, 0x00	; 0
     2f2:	24 e2       	ldi	r18, 0x24	; 36
     2f4:	30 e0       	ldi	r19, 0x00	; 0
     2f6:	f9 01       	movw	r30, r18
     2f8:	20 81       	ld	r18, Z
     2fa:	23 60       	ori	r18, 0x03	; 3
     2fc:	fc 01       	movw	r30, r24
     2fe:	20 83       	st	Z, r18
	DDRE &= ~(1 << FC_q2);	// PB2 com a entrada 
     300:	8d e2       	ldi	r24, 0x2D	; 45
     302:	90 e0       	ldi	r25, 0x00	; 0
     304:	2d e2       	ldi	r18, 0x2D	; 45
     306:	30 e0       	ldi	r19, 0x00	; 0
     308:	f9 01       	movw	r30, r18
     30a:	20 81       	ld	r18, Z
     30c:	2b 7f       	andi	r18, 0xFB	; 251
     30e:	fc 01       	movw	r30, r24
     310:	20 83       	st	Z, r18

	DDRD |= (1 << EN_q2);   // PD4 com a sortida (Enable)
     312:	8a e2       	ldi	r24, 0x2A	; 42
     314:	90 e0       	ldi	r25, 0x00	; 0
     316:	2a e2       	ldi	r18, 0x2A	; 42
     318:	30 e0       	ldi	r19, 0x00	; 0
     31a:	f9 01       	movw	r30, r18
     31c:	20 81       	ld	r18, Z
     31e:	20 61       	ori	r18, 0x10	; 16
     320:	fc 01       	movw	r30, r24
     322:	20 83       	st	Z, r18

	PORTB |= (1 << DIR_q2);		// Direcció CCW
     324:	85 e2       	ldi	r24, 0x25	; 37
     326:	90 e0       	ldi	r25, 0x00	; 0
     328:	25 e2       	ldi	r18, 0x25	; 37
     32a:	30 e0       	ldi	r19, 0x00	; 0
     32c:	f9 01       	movw	r30, r18
     32e:	20 81       	ld	r18, Z
     330:	21 60       	ori	r18, 0x01	; 1
     332:	fc 01       	movw	r30, r24
     334:	20 83       	st	Z, r18
	PORTD &= ~(1 << EN_q2);		// Enable ON
     336:	8b e2       	ldi	r24, 0x2B	; 43
     338:	90 e0       	ldi	r25, 0x00	; 0
     33a:	2b e2       	ldi	r18, 0x2B	; 43
     33c:	30 e0       	ldi	r19, 0x00	; 0
     33e:	f9 01       	movw	r30, r18
     340:	20 81       	ld	r18, Z
     342:	2f 7e       	andi	r18, 0xEF	; 239
     344:	fc 01       	movw	r30, r24
     346:	20 83       	st	Z, r18
	PORTE |= (1 << FC_q2);       // Activa la resistència pull-up interna (si interruptor a GND)
     348:	8e e2       	ldi	r24, 0x2E	; 46
     34a:	90 e0       	ldi	r25, 0x00	; 0
     34c:	2e e2       	ldi	r18, 0x2E	; 46
     34e:	30 e0       	ldi	r19, 0x00	; 0
     350:	f9 01       	movw	r30, r18
     352:	20 81       	ld	r18, Z
     354:	24 60       	ori	r18, 0x04	; 4
     356:	fc 01       	movw	r30, r24
     358:	20 83       	st	Z, r18
	

	DDRC |= (1 << MS2_q2) | (1 << MS1_q2);		// PC0 i PC1 com a sortides
     35a:	87 e2       	ldi	r24, 0x27	; 39
     35c:	90 e0       	ldi	r25, 0x00	; 0
     35e:	27 e2       	ldi	r18, 0x27	; 39
     360:	30 e0       	ldi	r19, 0x00	; 0
     362:	f9 01       	movw	r30, r18
     364:	20 81       	ld	r18, Z
     366:	23 60       	ori	r18, 0x03	; 3
     368:	fc 01       	movw	r30, r24
     36a:	20 83       	st	Z, r18
	PORTC &= ~((1 << MS2_q2) | (1 << MS1_q2));	// 00: 1/8 -> microstepping
     36c:	88 e2       	ldi	r24, 0x28	; 40
     36e:	90 e0       	ldi	r25, 0x00	; 0
     370:	28 e2       	ldi	r18, 0x28	; 40
     372:	30 e0       	ldi	r19, 0x00	; 0
     374:	f9 01       	movw	r30, r18
     376:	20 81       	ld	r18, Z
     378:	2c 7f       	andi	r18, 0xFC	; 252
     37a:	fc 01       	movw	r30, r24
     37c:	20 83       	st	Z, r18

	// Configuració Timer1 per PWM (mode 14, Fast PWM amb ICR1 com a TOP)
	TCCR1A = (1 << COM1A1) | (1 << WGM11);
     37e:	80 e8       	ldi	r24, 0x80	; 128
     380:	90 e0       	ldi	r25, 0x00	; 0
     382:	22 e8       	ldi	r18, 0x82	; 130
     384:	fc 01       	movw	r30, r24
     386:	20 83       	st	Z, r18
	TCCR1B = (1 << WGM13) | (1 << WGM12) | (1 << CS11); // Prescaler 8
     388:	81 e8       	ldi	r24, 0x81	; 129
     38a:	90 e0       	ldi	r25, 0x00	; 0
     38c:	2a e1       	ldi	r18, 0x1A	; 26
     38e:	fc 01       	movw	r30, r24
     390:	20 83       	st	Z, r18
	TIMSK1 |= (1 << OCIE1A); // INT output compare match OFF
     392:	8f e6       	ldi	r24, 0x6F	; 111
     394:	90 e0       	ldi	r25, 0x00	; 0
     396:	2f e6       	ldi	r18, 0x6F	; 111
     398:	30 e0       	ldi	r19, 0x00	; 0
     39a:	f9 01       	movw	r30, r18
     39c:	20 81       	ld	r18, Z
     39e:	22 60       	ori	r18, 0x02	; 2
     3a0:	fc 01       	movw	r30, r24
     3a2:	20 83       	st	Z, r18

	// Interrupció per canvi a PINE2 (FC_q2)
	PCIFR |= (1<<PCIF3);
     3a4:	8b e3       	ldi	r24, 0x3B	; 59
     3a6:	90 e0       	ldi	r25, 0x00	; 0
     3a8:	2b e3       	ldi	r18, 0x3B	; 59
     3aa:	30 e0       	ldi	r19, 0x00	; 0
     3ac:	f9 01       	movw	r30, r18
     3ae:	20 81       	ld	r18, Z
     3b0:	28 60       	ori	r18, 0x08	; 8
     3b2:	fc 01       	movw	r30, r24
     3b4:	20 83       	st	Z, r18
	PCMSK3 |= (1<<FC_q2);
     3b6:	83 e7       	ldi	r24, 0x73	; 115
     3b8:	90 e0       	ldi	r25, 0x00	; 0
     3ba:	23 e7       	ldi	r18, 0x73	; 115
     3bc:	30 e0       	ldi	r19, 0x00	; 0
     3be:	f9 01       	movw	r30, r18
     3c0:	20 81       	ld	r18, Z
     3c2:	24 60       	ori	r18, 0x04	; 4
     3c4:	fc 01       	movw	r30, r24
     3c6:	20 83       	st	Z, r18
	PCICR  |= (1<<PCIE3);
     3c8:	88 e6       	ldi	r24, 0x68	; 104
     3ca:	90 e0       	ldi	r25, 0x00	; 0
     3cc:	28 e6       	ldi	r18, 0x68	; 104
     3ce:	30 e0       	ldi	r19, 0x00	; 0
     3d0:	f9 01       	movw	r30, r18
     3d2:	20 81       	ld	r18, Z
     3d4:	28 60       	ori	r18, 0x08	; 8
     3d6:	fc 01       	movw	r30, r24
     3d8:	20 83       	st	Z, r18

	ICR1 = 1999;  // Freqüència: 1 kHz
     3da:	86 e8       	ldi	r24, 0x86	; 134
     3dc:	90 e0       	ldi	r25, 0x00	; 0
     3de:	2f ec       	ldi	r18, 0xCF	; 207
     3e0:	37 e0       	ldi	r19, 0x07	; 7
     3e2:	fc 01       	movw	r30, r24
     3e4:	31 83       	std	Z+1, r19	; 0x01
     3e6:	20 83       	st	Z, r18
	OCR1A = 999;  // Duty cycle: 50%
     3e8:	88 e8       	ldi	r24, 0x88	; 136
     3ea:	90 e0       	ldi	r25, 0x00	; 0
     3ec:	27 ee       	ldi	r18, 0xE7	; 231
     3ee:	33 e0       	ldi	r19, 0x03	; 3
     3f0:	fc 01       	movw	r30, r24
     3f2:	31 83       	std	Z+1, r19	; 0x01
     3f4:	20 83       	st	Z, r18
	
	sei(); // habilita interrupcions globals
     3f6:	78 94       	sei
}
     3f8:	00 00       	nop
     3fa:	df 91       	pop	r29
     3fc:	cf 91       	pop	r28
     3fe:	08 95       	ret

00000400 <setup_driver_q3>:


void setup_driver_q3(void) {
     400:	cf 93       	push	r28
     402:	df 93       	push	r29
     404:	cd b7       	in	r28, 0x3d	; 61
     406:	de b7       	in	r29, 0x3e	; 62
	DDRE &= ~(1 << FC_q3);                   // PE1 com a entrada
     408:	8d e2       	ldi	r24, 0x2D	; 45
     40a:	90 e0       	ldi	r25, 0x00	; 0
     40c:	2d e2       	ldi	r18, 0x2D	; 45
     40e:	30 e0       	ldi	r19, 0x00	; 0
     410:	f9 01       	movw	r30, r18
     412:	20 81       	ld	r18, Z
     414:	2d 7f       	andi	r18, 0xFD	; 253
     416:	fc 01       	movw	r30, r24
     418:	20 83       	st	Z, r18
	
	DDRD |= (1 << DIR_q3) | (1 << STEP_q3);  // PD2, PD0 com a sortides
     41a:	8a e2       	ldi	r24, 0x2A	; 42
     41c:	90 e0       	ldi	r25, 0x00	; 0
     41e:	2a e2       	ldi	r18, 0x2A	; 42
     420:	30 e0       	ldi	r19, 0x00	; 0
     422:	f9 01       	movw	r30, r18
     424:	20 81       	ld	r18, Z
     426:	25 60       	ori	r18, 0x05	; 5
     428:	fc 01       	movw	r30, r24
     42a:	20 83       	st	Z, r18
	DDRD |= (1 << EN_q3);                    // PD5 com a sortida
     42c:	8a e2       	ldi	r24, 0x2A	; 42
     42e:	90 e0       	ldi	r25, 0x00	; 0
     430:	2a e2       	ldi	r18, 0x2A	; 42
     432:	30 e0       	ldi	r19, 0x00	; 0
     434:	f9 01       	movw	r30, r18
     436:	20 81       	ld	r18, Z
     438:	20 62       	ori	r18, 0x20	; 32
     43a:	fc 01       	movw	r30, r24
     43c:	20 83       	st	Z, r18
	
	PORTE |= (1 << FC_q3);                   // Pull-up per a FC_q3 
     43e:	8e e2       	ldi	r24, 0x2E	; 46
     440:	90 e0       	ldi	r25, 0x00	; 0
     442:	2e e2       	ldi	r18, 0x2E	; 46
     444:	30 e0       	ldi	r19, 0x00	; 0
     446:	f9 01       	movw	r30, r18
     448:	20 81       	ld	r18, Z
     44a:	22 60       	ori	r18, 0x02	; 2
     44c:	fc 01       	movw	r30, r24
     44e:	20 83       	st	Z, r18

	PORTD |= (1 << DIR_q3);                  // Direcció CCW (nivell alt)
     450:	8b e2       	ldi	r24, 0x2B	; 43
     452:	90 e0       	ldi	r25, 0x00	; 0
     454:	2b e2       	ldi	r18, 0x2B	; 43
     456:	30 e0       	ldi	r19, 0x00	; 0
     458:	f9 01       	movw	r30, r18
     45a:	20 81       	ld	r18, Z
     45c:	24 60       	ori	r18, 0x04	; 4
     45e:	fc 01       	movw	r30, r24
     460:	20 83       	st	Z, r18
	PORTD &= ~(1 << EN_q3);                  // Enable LOW (ON)
     462:	8b e2       	ldi	r24, 0x2B	; 43
     464:	90 e0       	ldi	r25, 0x00	; 0
     466:	2b e2       	ldi	r18, 0x2B	; 43
     468:	30 e0       	ldi	r19, 0x00	; 0
     46a:	f9 01       	movw	r30, r18
     46c:	20 81       	ld	r18, Z
     46e:	2f 7d       	andi	r18, 0xDF	; 223
     470:	fc 01       	movw	r30, r24
     472:	20 83       	st	Z, r18

	DDRC |= (1 << MS2_q3) | (1 << MS1_q3);   // PC2 i PC3 com a sortides per microstepping
     474:	87 e2       	ldi	r24, 0x27	; 39
     476:	90 e0       	ldi	r25, 0x00	; 0
     478:	27 e2       	ldi	r18, 0x27	; 39
     47a:	30 e0       	ldi	r19, 0x00	; 0
     47c:	f9 01       	movw	r30, r18
     47e:	20 81       	ld	r18, Z
     480:	2c 60       	ori	r18, 0x0C	; 12
     482:	fc 01       	movw	r30, r24
     484:	20 83       	st	Z, r18
	PORTC &= ~((1 << MS2_q3) | (1 << MS1_q3)); // 00: 1/8 
     486:	88 e2       	ldi	r24, 0x28	; 40
     488:	90 e0       	ldi	r25, 0x00	; 0
     48a:	28 e2       	ldi	r18, 0x28	; 40
     48c:	30 e0       	ldi	r19, 0x00	; 0
     48e:	f9 01       	movw	r30, r18
     490:	20 81       	ld	r18, Z
     492:	23 7f       	andi	r18, 0xF3	; 243
     494:	fc 01       	movw	r30, r24
     496:	20 83       	st	Z, r18
	
	TCCR3A = (1 << COM3A1) | (1 << WGM31);       // Clear OC3A on compare match, mode Fast PWM bits 1
     498:	80 e9       	ldi	r24, 0x90	; 144
     49a:	90 e0       	ldi	r25, 0x00	; 0
     49c:	22 e8       	ldi	r18, 0x82	; 130
     49e:	fc 01       	movw	r30, r24
     4a0:	20 83       	st	Z, r18
	TCCR3B = (1 << WGM33) | (1 << WGM32) | (1 << CS31);  // Mode bits 2 i 3 + prescaler 8
     4a2:	81 e9       	ldi	r24, 0x91	; 145
     4a4:	90 e0       	ldi	r25, 0x00	; 0
     4a6:	2a e1       	ldi	r18, 0x1A	; 26
     4a8:	fc 01       	movw	r30, r24
     4aa:	20 83       	st	Z, r18
	TIMSK3 |= (1 << OCIE3A);                      //INT output compare match OFF
     4ac:	81 e7       	ldi	r24, 0x71	; 113
     4ae:	90 e0       	ldi	r25, 0x00	; 0
     4b0:	21 e7       	ldi	r18, 0x71	; 113
     4b2:	30 e0       	ldi	r19, 0x00	; 0
     4b4:	f9 01       	movw	r30, r18
     4b6:	20 81       	ld	r18, Z
     4b8:	22 60       	ori	r18, 0x02	; 2
     4ba:	fc 01       	movw	r30, r24
     4bc:	20 83       	st	Z, r18

	// Interrupció per canvi a PINE1 (FC_q3)
	PCIFR |= (1<<PCIF3);
     4be:	8b e3       	ldi	r24, 0x3B	; 59
     4c0:	90 e0       	ldi	r25, 0x00	; 0
     4c2:	2b e3       	ldi	r18, 0x3B	; 59
     4c4:	30 e0       	ldi	r19, 0x00	; 0
     4c6:	f9 01       	movw	r30, r18
     4c8:	20 81       	ld	r18, Z
     4ca:	28 60       	ori	r18, 0x08	; 8
     4cc:	fc 01       	movw	r30, r24
     4ce:	20 83       	st	Z, r18
	PCMSK3 |= (1<<FC_q3);
     4d0:	83 e7       	ldi	r24, 0x73	; 115
     4d2:	90 e0       	ldi	r25, 0x00	; 0
     4d4:	23 e7       	ldi	r18, 0x73	; 115
     4d6:	30 e0       	ldi	r19, 0x00	; 0
     4d8:	f9 01       	movw	r30, r18
     4da:	20 81       	ld	r18, Z
     4dc:	22 60       	ori	r18, 0x02	; 2
     4de:	fc 01       	movw	r30, r24
     4e0:	20 83       	st	Z, r18
	PCICR  |= (1<<PCIE3);
     4e2:	88 e6       	ldi	r24, 0x68	; 104
     4e4:	90 e0       	ldi	r25, 0x00	; 0
     4e6:	28 e6       	ldi	r18, 0x68	; 104
     4e8:	30 e0       	ldi	r19, 0x00	; 0
     4ea:	f9 01       	movw	r30, r18
     4ec:	20 81       	ld	r18, Z
     4ee:	28 60       	ori	r18, 0x08	; 8
     4f0:	fc 01       	movw	r30, r24
     4f2:	20 83       	st	Z, r18

	ICR3 = 1119;  // Freqüència: 1 kHz (TOP)
     4f4:	86 e9       	ldi	r24, 0x96	; 150
     4f6:	90 e0       	ldi	r25, 0x00	; 0
     4f8:	2f e5       	ldi	r18, 0x5F	; 95
     4fa:	34 e0       	ldi	r19, 0x04	; 4
     4fc:	fc 01       	movw	r30, r24
     4fe:	31 83       	std	Z+1, r19	; 0x01
     500:	20 83       	st	Z, r18
	OCR3A = 999;  // Duty cycle: 50%
     502:	88 e9       	ldi	r24, 0x98	; 152
     504:	90 e0       	ldi	r25, 0x00	; 0
     506:	27 ee       	ldi	r18, 0xE7	; 231
     508:	33 e0       	ldi	r19, 0x03	; 3
     50a:	fc 01       	movw	r30, r24
     50c:	31 83       	std	Z+1, r19	; 0x01
     50e:	20 83       	st	Z, r18

	sei(); // Habilita interrupcions globals
     510:	78 94       	sei
}
     512:	00 00       	nop
     514:	df 91       	pop	r29
     516:	cf 91       	pop	r28
     518:	08 95       	ret

0000051a <setup_driver_d1>:


void setup_driver_d1(void) {
     51a:	cf 93       	push	r28
     51c:	df 93       	push	r29
     51e:	cd b7       	in	r28, 0x3d	; 61
     520:	de b7       	in	r29, 0x3e	; 62
	// Direcció i step com a sortides
	DDRD |= (1 << DIR_d1) | (1 << STEP_d1);
     522:	8a e2       	ldi	r24, 0x2A	; 42
     524:	90 e0       	ldi	r25, 0x00	; 0
     526:	2a e2       	ldi	r18, 0x2A	; 42
     528:	30 e0       	ldi	r19, 0x00	; 0
     52a:	f9 01       	movw	r30, r18
     52c:	20 81       	ld	r18, Z
     52e:	2a 60       	ori	r18, 0x0A	; 10
     530:	fc 01       	movw	r30, r24
     532:	20 83       	st	Z, r18

	// Enable com a sortida
	DDRD |= (1 << EN_d1);
     534:	8a e2       	ldi	r24, 0x2A	; 42
     536:	90 e0       	ldi	r25, 0x00	; 0
     538:	2a e2       	ldi	r18, 0x2A	; 42
     53a:	30 e0       	ldi	r19, 0x00	; 0
     53c:	f9 01       	movw	r30, r18
     53e:	20 81       	ld	r18, Z
     540:	20 64       	ori	r18, 0x40	; 64
     542:	fc 01       	movw	r30, r24
     544:	20 83       	st	Z, r18

	// Final de carrera com entrada amb pull-up (PD7)
	DDRE &= ~(1 << FC_d1);     // FC_d1 = PD7
     546:	8d e2       	ldi	r24, 0x2D	; 45
     548:	90 e0       	ldi	r25, 0x00	; 0
     54a:	2d e2       	ldi	r18, 0x2D	; 45
     54c:	30 e0       	ldi	r19, 0x00	; 0
     54e:	f9 01       	movw	r30, r18
     550:	20 81       	ld	r18, Z
     552:	2e 7f       	andi	r18, 0xFE	; 254
     554:	fc 01       	movw	r30, r24
     556:	20 83       	st	Z, r18
	PORTE |= (1 << FC_d1);     // Pull-up activada (interruptor NC a GND)
     558:	8e e2       	ldi	r24, 0x2E	; 46
     55a:	90 e0       	ldi	r25, 0x00	; 0
     55c:	2e e2       	ldi	r18, 0x2E	; 46
     55e:	30 e0       	ldi	r19, 0x00	; 0
     560:	f9 01       	movw	r30, r18
     562:	20 81       	ld	r18, Z
     564:	21 60       	ori	r18, 0x01	; 1
     566:	fc 01       	movw	r30, r24
     568:	20 83       	st	Z, r18

	// Direcció per defecte
	PORTD |= (1 << DIR_d1);
     56a:	8b e2       	ldi	r24, 0x2B	; 43
     56c:	90 e0       	ldi	r25, 0x00	; 0
     56e:	2b e2       	ldi	r18, 0x2B	; 43
     570:	30 e0       	ldi	r19, 0x00	; 0
     572:	f9 01       	movw	r30, r18
     574:	20 81       	ld	r18, Z
     576:	28 60       	ori	r18, 0x08	; 8
     578:	fc 01       	movw	r30, r24
     57a:	20 83       	st	Z, r18
	PORTD &= ~(1 << EN_d1);    // Enable actiu (LOW)
     57c:	8b e2       	ldi	r24, 0x2B	; 43
     57e:	90 e0       	ldi	r25, 0x00	; 0
     580:	2b e2       	ldi	r18, 0x2B	; 43
     582:	30 e0       	ldi	r19, 0x00	; 0
     584:	f9 01       	movw	r30, r18
     586:	20 81       	ld	r18, Z
     588:	2f 7b       	andi	r18, 0xBF	; 191
     58a:	fc 01       	movw	r30, r24
     58c:	20 83       	st	Z, r18

	// Microstepping
	DDRC |= (1 << MS2_d1) | (1 << MS1_d1);
     58e:	87 e2       	ldi	r24, 0x27	; 39
     590:	90 e0       	ldi	r25, 0x00	; 0
     592:	27 e2       	ldi	r18, 0x27	; 39
     594:	30 e0       	ldi	r19, 0x00	; 0
     596:	f9 01       	movw	r30, r18
     598:	20 81       	ld	r18, Z
     59a:	20 66       	ori	r18, 0x60	; 96
     59c:	fc 01       	movw	r30, r24
     59e:	20 83       	st	Z, r18
	PORTC &= ~(1 << MS2_d1);
     5a0:	88 e2       	ldi	r24, 0x28	; 40
     5a2:	90 e0       	ldi	r25, 0x00	; 0
     5a4:	28 e2       	ldi	r18, 0x28	; 40
     5a6:	30 e0       	ldi	r19, 0x00	; 0
     5a8:	f9 01       	movw	r30, r18
     5aa:	20 81       	ld	r18, Z
     5ac:	2f 7b       	andi	r18, 0xBF	; 191
     5ae:	fc 01       	movw	r30, r24
     5b0:	20 83       	st	Z, r18
	PORTC |=  (1 << MS1_d1);   // 01: 1/2 microstepping
     5b2:	88 e2       	ldi	r24, 0x28	; 40
     5b4:	90 e0       	ldi	r25, 0x00	; 0
     5b6:	28 e2       	ldi	r18, 0x28	; 40
     5b8:	30 e0       	ldi	r19, 0x00	; 0
     5ba:	f9 01       	movw	r30, r18
     5bc:	20 81       	ld	r18, Z
     5be:	20 62       	ori	r18, 0x20	; 32
     5c0:	fc 01       	movw	r30, r24
     5c2:	20 83       	st	Z, r18

	// Timer 4 config
	TCCR4A = (1 << COM4A1) | (1 << WGM41);
     5c4:	80 ea       	ldi	r24, 0xA0	; 160
     5c6:	90 e0       	ldi	r25, 0x00	; 0
     5c8:	22 e8       	ldi	r18, 0x82	; 130
     5ca:	fc 01       	movw	r30, r24
     5cc:	20 83       	st	Z, r18
	TCCR4B = (1 << WGM43) | (1 << WGM42) | (1 << CS41);
     5ce:	81 ea       	ldi	r24, 0xA1	; 161
     5d0:	90 e0       	ldi	r25, 0x00	; 0
     5d2:	2a e1       	ldi	r18, 0x1A	; 26
     5d4:	fc 01       	movw	r30, r24
     5d6:	20 83       	st	Z, r18
	TIMSK4 |= (1 << OCIE4A);
     5d8:	82 e7       	ldi	r24, 0x72	; 114
     5da:	90 e0       	ldi	r25, 0x00	; 0
     5dc:	22 e7       	ldi	r18, 0x72	; 114
     5de:	30 e0       	ldi	r19, 0x00	; 0
     5e0:	f9 01       	movw	r30, r18
     5e2:	20 81       	ld	r18, Z
     5e4:	22 60       	ori	r18, 0x02	; 2
     5e6:	fc 01       	movw	r30, r24
     5e8:	20 83       	st	Z, r18
	ICR4 = 1000;
     5ea:	86 ea       	ldi	r24, 0xA6	; 166
     5ec:	90 e0       	ldi	r25, 0x00	; 0
     5ee:	28 ee       	ldi	r18, 0xE8	; 232
     5f0:	33 e0       	ldi	r19, 0x03	; 3
     5f2:	fc 01       	movw	r30, r24
     5f4:	31 83       	std	Z+1, r19	; 0x01
     5f6:	20 83       	st	Z, r18
	OCR4A = 500;
     5f8:	88 ea       	ldi	r24, 0xA8	; 168
     5fa:	90 e0       	ldi	r25, 0x00	; 0
     5fc:	24 ef       	ldi	r18, 0xF4	; 244
     5fe:	31 e0       	ldi	r19, 0x01	; 1
     600:	fc 01       	movw	r30, r24
     602:	31 83       	std	Z+1, r19	; 0x01
     604:	20 83       	st	Z, r18

	// Interrupció per canvi a PINE0 (FC_d1)
	PCIFR |= (1<<PCIF3);
     606:	8b e3       	ldi	r24, 0x3B	; 59
     608:	90 e0       	ldi	r25, 0x00	; 0
     60a:	2b e3       	ldi	r18, 0x3B	; 59
     60c:	30 e0       	ldi	r19, 0x00	; 0
     60e:	f9 01       	movw	r30, r18
     610:	20 81       	ld	r18, Z
     612:	28 60       	ori	r18, 0x08	; 8
     614:	fc 01       	movw	r30, r24
     616:	20 83       	st	Z, r18
	PCMSK3 |= (1<<FC_d1);
     618:	83 e7       	ldi	r24, 0x73	; 115
     61a:	90 e0       	ldi	r25, 0x00	; 0
     61c:	23 e7       	ldi	r18, 0x73	; 115
     61e:	30 e0       	ldi	r19, 0x00	; 0
     620:	f9 01       	movw	r30, r18
     622:	20 81       	ld	r18, Z
     624:	21 60       	ori	r18, 0x01	; 1
     626:	fc 01       	movw	r30, r24
     628:	20 83       	st	Z, r18
	PCICR  |= (1<<PCIE3);
     62a:	88 e6       	ldi	r24, 0x68	; 104
     62c:	90 e0       	ldi	r25, 0x00	; 0
     62e:	28 e6       	ldi	r18, 0x68	; 104
     630:	30 e0       	ldi	r19, 0x00	; 0
     632:	f9 01       	movw	r30, r18
     634:	20 81       	ld	r18, Z
     636:	28 60       	ori	r18, 0x08	; 8
     638:	fc 01       	movw	r30, r24
     63a:	20 83       	st	Z, r18

	sei();                     // Habilita interrupcions globals
     63c:	78 94       	sei
     63e:	00 00       	nop
     640:	df 91       	pop	r29
     642:	cf 91       	pop	r28
     644:	08 95       	ret

00000646 <calcula_pasos_q2>:
#include "hardware_config.h"
#include "punts.h"



int calcula_pasos_q2(float graus) {
     646:	cf 93       	push	r28
     648:	df 93       	push	r29
     64a:	00 d0       	rcall	.+0      	; 0x64c <calcula_pasos_q2+0x6>
     64c:	00 d0       	rcall	.+0      	; 0x64e <calcula_pasos_q2+0x8>
     64e:	cd b7       	in	r28, 0x3d	; 61
     650:	de b7       	in	r29, 0x3e	; 62
     652:	69 83       	std	Y+1, r22	; 0x01
     654:	7a 83       	std	Y+2, r23	; 0x02
     656:	8b 83       	std	Y+3, r24	; 0x03
     658:	9c 83       	std	Y+4, r25	; 0x04
	return (int)(5766.0 * (graus / 360.0));
     65a:	20 e0       	ldi	r18, 0x00	; 0
     65c:	30 e0       	ldi	r19, 0x00	; 0
     65e:	44 eb       	ldi	r20, 0xB4	; 180
     660:	53 e4       	ldi	r21, 0x43	; 67
     662:	69 81       	ldd	r22, Y+1	; 0x01
     664:	7a 81       	ldd	r23, Y+2	; 0x02
     666:	8b 81       	ldd	r24, Y+3	; 0x03
     668:	9c 81       	ldd	r25, Y+4	; 0x04
     66a:	0e 94 bb 08 	call	0x1176	; 0x1176 <__divsf3>
     66e:	dc 01       	movw	r26, r24
     670:	cb 01       	movw	r24, r22
     672:	20 e0       	ldi	r18, 0x00	; 0
     674:	30 e3       	ldi	r19, 0x30	; 48
     676:	44 eb       	ldi	r20, 0xB4	; 180
     678:	55 e4       	ldi	r21, 0x45	; 69
     67a:	bc 01       	movw	r22, r24
     67c:	cd 01       	movw	r24, r26
     67e:	0e 94 dd 09 	call	0x13ba	; 0x13ba <__mulsf3>
     682:	dc 01       	movw	r26, r24
     684:	cb 01       	movw	r24, r22
     686:	bc 01       	movw	r22, r24
     688:	cd 01       	movw	r24, r26
     68a:	0e 94 2d 09 	call	0x125a	; 0x125a <__fixsfsi>
     68e:	dc 01       	movw	r26, r24
     690:	cb 01       	movw	r24, r22
}
     692:	0f 90       	pop	r0
     694:	0f 90       	pop	r0
     696:	0f 90       	pop	r0
     698:	0f 90       	pop	r0
     69a:	df 91       	pop	r29
     69c:	cf 91       	pop	r28
     69e:	08 95       	ret

000006a0 <calcula_pasos_q3>:

int calcula_pasos_q3(float graus) {
     6a0:	cf 93       	push	r28
     6a2:	df 93       	push	r29
     6a4:	00 d0       	rcall	.+0      	; 0x6a6 <calcula_pasos_q3+0x6>
     6a6:	00 d0       	rcall	.+0      	; 0x6a8 <calcula_pasos_q3+0x8>
     6a8:	cd b7       	in	r28, 0x3d	; 61
     6aa:	de b7       	in	r29, 0x3e	; 62
     6ac:	69 83       	std	Y+1, r22	; 0x01
     6ae:	7a 83       	std	Y+2, r23	; 0x02
     6b0:	8b 83       	std	Y+3, r24	; 0x03
     6b2:	9c 83       	std	Y+4, r25	; 0x04
	return (int)(10152.0 * (graus / 360.0));
     6b4:	20 e0       	ldi	r18, 0x00	; 0
     6b6:	30 e0       	ldi	r19, 0x00	; 0
     6b8:	44 eb       	ldi	r20, 0xB4	; 180
     6ba:	53 e4       	ldi	r21, 0x43	; 67
     6bc:	69 81       	ldd	r22, Y+1	; 0x01
     6be:	7a 81       	ldd	r23, Y+2	; 0x02
     6c0:	8b 81       	ldd	r24, Y+3	; 0x03
     6c2:	9c 81       	ldd	r25, Y+4	; 0x04
     6c4:	0e 94 bb 08 	call	0x1176	; 0x1176 <__divsf3>
     6c8:	dc 01       	movw	r26, r24
     6ca:	cb 01       	movw	r24, r22
     6cc:	20 e0       	ldi	r18, 0x00	; 0
     6ce:	30 ea       	ldi	r19, 0xA0	; 160
     6d0:	4e e1       	ldi	r20, 0x1E	; 30
     6d2:	56 e4       	ldi	r21, 0x46	; 70
     6d4:	bc 01       	movw	r22, r24
     6d6:	cd 01       	movw	r24, r26
     6d8:	0e 94 dd 09 	call	0x13ba	; 0x13ba <__mulsf3>
     6dc:	dc 01       	movw	r26, r24
     6de:	cb 01       	movw	r24, r22
     6e0:	bc 01       	movw	r22, r24
     6e2:	cd 01       	movw	r24, r26
     6e4:	0e 94 2d 09 	call	0x125a	; 0x125a <__fixsfsi>
     6e8:	dc 01       	movw	r26, r24
     6ea:	cb 01       	movw	r24, r22
}
     6ec:	0f 90       	pop	r0
     6ee:	0f 90       	pop	r0
     6f0:	0f 90       	pop	r0
     6f2:	0f 90       	pop	r0
     6f4:	df 91       	pop	r29
     6f6:	cf 91       	pop	r28
     6f8:	08 95       	ret

000006fa <calcula_pasos_d1>:

int calcula_pasos_d1(float altura) {
     6fa:	cf 93       	push	r28
     6fc:	df 93       	push	r29
     6fe:	00 d0       	rcall	.+0      	; 0x700 <calcula_pasos_d1+0x6>
     700:	00 d0       	rcall	.+0      	; 0x702 <calcula_pasos_d1+0x8>
     702:	cd b7       	in	r28, 0x3d	; 61
     704:	de b7       	in	r29, 0x3e	; 62
     706:	69 83       	std	Y+1, r22	; 0x01
     708:	7a 83       	std	Y+2, r23	; 0x02
     70a:	8b 83       	std	Y+3, r24	; 0x03
     70c:	9c 83       	std	Y+4, r25	; 0x04
	return (int)(60000 * (altura / 15.5));
     70e:	20 e0       	ldi	r18, 0x00	; 0
     710:	30 e0       	ldi	r19, 0x00	; 0
     712:	48 e7       	ldi	r20, 0x78	; 120
     714:	51 e4       	ldi	r21, 0x41	; 65
     716:	69 81       	ldd	r22, Y+1	; 0x01
     718:	7a 81       	ldd	r23, Y+2	; 0x02
     71a:	8b 81       	ldd	r24, Y+3	; 0x03
     71c:	9c 81       	ldd	r25, Y+4	; 0x04
     71e:	0e 94 bb 08 	call	0x1176	; 0x1176 <__divsf3>
     722:	dc 01       	movw	r26, r24
     724:	cb 01       	movw	r24, r22
     726:	20 e0       	ldi	r18, 0x00	; 0
     728:	30 e6       	ldi	r19, 0x60	; 96
     72a:	4a e6       	ldi	r20, 0x6A	; 106
     72c:	57 e4       	ldi	r21, 0x47	; 71
     72e:	bc 01       	movw	r22, r24
     730:	cd 01       	movw	r24, r26
     732:	0e 94 dd 09 	call	0x13ba	; 0x13ba <__mulsf3>
     736:	dc 01       	movw	r26, r24
     738:	cb 01       	movw	r24, r22
     73a:	bc 01       	movw	r22, r24
     73c:	cd 01       	movw	r24, r26
     73e:	0e 94 2d 09 	call	0x125a	; 0x125a <__fixsfsi>
     742:	dc 01       	movw	r26, r24
     744:	cb 01       	movw	r24, r22
}
     746:	0f 90       	pop	r0
     748:	0f 90       	pop	r0
     74a:	0f 90       	pop	r0
     74c:	0f 90       	pop	r0
     74e:	df 91       	pop	r29
     750:	cf 91       	pop	r28
     752:	08 95       	ret

00000754 <calcula_passos_moviments_q2>:

int calcula_passos_moviments_q2(Moviment movs[]) {
     754:	0f 93       	push	r16
     756:	1f 93       	push	r17
     758:	cf 93       	push	r28
     75a:	df 93       	push	r29
     75c:	00 d0       	rcall	.+0      	; 0x75e <calcula_passos_moviments_q2+0xa>
     75e:	00 d0       	rcall	.+0      	; 0x760 <calcula_passos_moviments_q2+0xc>
     760:	cd b7       	in	r28, 0x3d	; 61
     762:	de b7       	in	r29, 0x3e	; 62
     764:	9c 83       	std	Y+4, r25	; 0x04
     766:	8b 83       	std	Y+3, r24	; 0x03
	int i;
	for (i = 0;movs[i].graus != -1.0f; i++) {
     768:	1a 82       	std	Y+2, r1	; 0x02
     76a:	19 82       	std	Y+1, r1	; 0x01
     76c:	32 c0       	rjmp	.+100    	; 0x7d2 <calcula_passos_moviments_q2+0x7e>
		movs[i].passos = calcula_pasos_q2(movs[i].graus);
     76e:	29 81       	ldd	r18, Y+1	; 0x01
     770:	3a 81       	ldd	r19, Y+2	; 0x02
     772:	c9 01       	movw	r24, r18
     774:	88 0f       	add	r24, r24
     776:	99 1f       	adc	r25, r25
     778:	82 0f       	add	r24, r18
     77a:	93 1f       	adc	r25, r19
     77c:	88 0f       	add	r24, r24
     77e:	99 1f       	adc	r25, r25
     780:	88 0f       	add	r24, r24
     782:	99 1f       	adc	r25, r25
     784:	9c 01       	movw	r18, r24
     786:	8b 81       	ldd	r24, Y+3	; 0x03
     788:	9c 81       	ldd	r25, Y+4	; 0x04
     78a:	8c 01       	movw	r16, r24
     78c:	02 0f       	add	r16, r18
     78e:	13 1f       	adc	r17, r19
     790:	29 81       	ldd	r18, Y+1	; 0x01
     792:	3a 81       	ldd	r19, Y+2	; 0x02
     794:	c9 01       	movw	r24, r18
     796:	88 0f       	add	r24, r24
     798:	99 1f       	adc	r25, r25
     79a:	82 0f       	add	r24, r18
     79c:	93 1f       	adc	r25, r19
     79e:	88 0f       	add	r24, r24
     7a0:	99 1f       	adc	r25, r25
     7a2:	88 0f       	add	r24, r24
     7a4:	99 1f       	adc	r25, r25
     7a6:	9c 01       	movw	r18, r24
     7a8:	8b 81       	ldd	r24, Y+3	; 0x03
     7aa:	9c 81       	ldd	r25, Y+4	; 0x04
     7ac:	82 0f       	add	r24, r18
     7ae:	93 1f       	adc	r25, r19
     7b0:	fc 01       	movw	r30, r24
     7b2:	80 81       	ld	r24, Z
     7b4:	91 81       	ldd	r25, Z+1	; 0x01
     7b6:	a2 81       	ldd	r26, Z+2	; 0x02
     7b8:	b3 81       	ldd	r27, Z+3	; 0x03
     7ba:	bc 01       	movw	r22, r24
     7bc:	cd 01       	movw	r24, r26
     7be:	0e 94 23 03 	call	0x646	; 0x646 <calcula_pasos_q2>
     7c2:	f8 01       	movw	r30, r16
     7c4:	91 87       	std	Z+9, r25	; 0x09
     7c6:	80 87       	std	Z+8, r24	; 0x08
	return (int)(60000 * (altura / 15.5));
}

int calcula_passos_moviments_q2(Moviment movs[]) {
	int i;
	for (i = 0;movs[i].graus != -1.0f; i++) {
     7c8:	89 81       	ldd	r24, Y+1	; 0x01
     7ca:	9a 81       	ldd	r25, Y+2	; 0x02
     7cc:	01 96       	adiw	r24, 0x01	; 1
     7ce:	9a 83       	std	Y+2, r25	; 0x02
     7d0:	89 83       	std	Y+1, r24	; 0x01
     7d2:	29 81       	ldd	r18, Y+1	; 0x01
     7d4:	3a 81       	ldd	r19, Y+2	; 0x02
     7d6:	c9 01       	movw	r24, r18
     7d8:	88 0f       	add	r24, r24
     7da:	99 1f       	adc	r25, r25
     7dc:	82 0f       	add	r24, r18
     7de:	93 1f       	adc	r25, r19
     7e0:	88 0f       	add	r24, r24
     7e2:	99 1f       	adc	r25, r25
     7e4:	88 0f       	add	r24, r24
     7e6:	99 1f       	adc	r25, r25
     7e8:	9c 01       	movw	r18, r24
     7ea:	8b 81       	ldd	r24, Y+3	; 0x03
     7ec:	9c 81       	ldd	r25, Y+4	; 0x04
     7ee:	82 0f       	add	r24, r18
     7f0:	93 1f       	adc	r25, r19
     7f2:	fc 01       	movw	r30, r24
     7f4:	80 81       	ld	r24, Z
     7f6:	91 81       	ldd	r25, Z+1	; 0x01
     7f8:	a2 81       	ldd	r26, Z+2	; 0x02
     7fa:	b3 81       	ldd	r27, Z+3	; 0x03
     7fc:	20 e0       	ldi	r18, 0x00	; 0
     7fe:	30 e0       	ldi	r19, 0x00	; 0
     800:	40 e8       	ldi	r20, 0x80	; 128
     802:	5f eb       	ldi	r21, 0xBF	; 191
     804:	bc 01       	movw	r22, r24
     806:	cd 01       	movw	r24, r26
     808:	0e 94 b6 08 	call	0x116c	; 0x116c <__cmpsf2>
     80c:	88 23       	and	r24, r24
     80e:	09 f0       	breq	.+2      	; 0x812 <__DATA_REGION_LENGTH__+0x12>
     810:	ae cf       	rjmp	.-164    	; 0x76e <calcula_passos_moviments_q2+0x1a>
		movs[i].passos = calcula_pasos_q2(movs[i].graus);
		}
		return i-1; //nombre màxim de movs
     812:	89 81       	ldd	r24, Y+1	; 0x01
     814:	9a 81       	ldd	r25, Y+2	; 0x02
     816:	01 97       	sbiw	r24, 0x01	; 1
}
     818:	0f 90       	pop	r0
     81a:	0f 90       	pop	r0
     81c:	0f 90       	pop	r0
     81e:	0f 90       	pop	r0
     820:	df 91       	pop	r29
     822:	cf 91       	pop	r28
     824:	1f 91       	pop	r17
     826:	0f 91       	pop	r16
     828:	08 95       	ret

0000082a <calcula_passos_moviments_q3>:

int calcula_passos_moviments_q3(Moviment movs[]) {
     82a:	0f 93       	push	r16
     82c:	1f 93       	push	r17
     82e:	cf 93       	push	r28
     830:	df 93       	push	r29
     832:	00 d0       	rcall	.+0      	; 0x834 <calcula_passos_moviments_q3+0xa>
     834:	00 d0       	rcall	.+0      	; 0x836 <calcula_passos_moviments_q3+0xc>
     836:	cd b7       	in	r28, 0x3d	; 61
     838:	de b7       	in	r29, 0x3e	; 62
     83a:	9c 83       	std	Y+4, r25	; 0x04
     83c:	8b 83       	std	Y+3, r24	; 0x03
	int i;
	for (i = 0;movs[i].graus != -1.0f; i++) {
     83e:	1a 82       	std	Y+2, r1	; 0x02
     840:	19 82       	std	Y+1, r1	; 0x01
     842:	32 c0       	rjmp	.+100    	; 0x8a8 <calcula_passos_moviments_q3+0x7e>
		movs[i].passos = calcula_pasos_q3(movs[i].graus);
     844:	29 81       	ldd	r18, Y+1	; 0x01
     846:	3a 81       	ldd	r19, Y+2	; 0x02
     848:	c9 01       	movw	r24, r18
     84a:	88 0f       	add	r24, r24
     84c:	99 1f       	adc	r25, r25
     84e:	82 0f       	add	r24, r18
     850:	93 1f       	adc	r25, r19
     852:	88 0f       	add	r24, r24
     854:	99 1f       	adc	r25, r25
     856:	88 0f       	add	r24, r24
     858:	99 1f       	adc	r25, r25
     85a:	9c 01       	movw	r18, r24
     85c:	8b 81       	ldd	r24, Y+3	; 0x03
     85e:	9c 81       	ldd	r25, Y+4	; 0x04
     860:	8c 01       	movw	r16, r24
     862:	02 0f       	add	r16, r18
     864:	13 1f       	adc	r17, r19
     866:	29 81       	ldd	r18, Y+1	; 0x01
     868:	3a 81       	ldd	r19, Y+2	; 0x02
     86a:	c9 01       	movw	r24, r18
     86c:	88 0f       	add	r24, r24
     86e:	99 1f       	adc	r25, r25
     870:	82 0f       	add	r24, r18
     872:	93 1f       	adc	r25, r19
     874:	88 0f       	add	r24, r24
     876:	99 1f       	adc	r25, r25
     878:	88 0f       	add	r24, r24
     87a:	99 1f       	adc	r25, r25
     87c:	9c 01       	movw	r18, r24
     87e:	8b 81       	ldd	r24, Y+3	; 0x03
     880:	9c 81       	ldd	r25, Y+4	; 0x04
     882:	82 0f       	add	r24, r18
     884:	93 1f       	adc	r25, r19
     886:	fc 01       	movw	r30, r24
     888:	80 81       	ld	r24, Z
     88a:	91 81       	ldd	r25, Z+1	; 0x01
     88c:	a2 81       	ldd	r26, Z+2	; 0x02
     88e:	b3 81       	ldd	r27, Z+3	; 0x03
     890:	bc 01       	movw	r22, r24
     892:	cd 01       	movw	r24, r26
     894:	0e 94 50 03 	call	0x6a0	; 0x6a0 <calcula_pasos_q3>
     898:	f8 01       	movw	r30, r16
     89a:	91 87       	std	Z+9, r25	; 0x09
     89c:	80 87       	std	Z+8, r24	; 0x08
		return i-1; //nombre màxim de movs
}

int calcula_passos_moviments_q3(Moviment movs[]) {
	int i;
	for (i = 0;movs[i].graus != -1.0f; i++) {
     89e:	89 81       	ldd	r24, Y+1	; 0x01
     8a0:	9a 81       	ldd	r25, Y+2	; 0x02
     8a2:	01 96       	adiw	r24, 0x01	; 1
     8a4:	9a 83       	std	Y+2, r25	; 0x02
     8a6:	89 83       	std	Y+1, r24	; 0x01
     8a8:	29 81       	ldd	r18, Y+1	; 0x01
     8aa:	3a 81       	ldd	r19, Y+2	; 0x02
     8ac:	c9 01       	movw	r24, r18
     8ae:	88 0f       	add	r24, r24
     8b0:	99 1f       	adc	r25, r25
     8b2:	82 0f       	add	r24, r18
     8b4:	93 1f       	adc	r25, r19
     8b6:	88 0f       	add	r24, r24
     8b8:	99 1f       	adc	r25, r25
     8ba:	88 0f       	add	r24, r24
     8bc:	99 1f       	adc	r25, r25
     8be:	9c 01       	movw	r18, r24
     8c0:	8b 81       	ldd	r24, Y+3	; 0x03
     8c2:	9c 81       	ldd	r25, Y+4	; 0x04
     8c4:	82 0f       	add	r24, r18
     8c6:	93 1f       	adc	r25, r19
     8c8:	fc 01       	movw	r30, r24
     8ca:	80 81       	ld	r24, Z
     8cc:	91 81       	ldd	r25, Z+1	; 0x01
     8ce:	a2 81       	ldd	r26, Z+2	; 0x02
     8d0:	b3 81       	ldd	r27, Z+3	; 0x03
     8d2:	20 e0       	ldi	r18, 0x00	; 0
     8d4:	30 e0       	ldi	r19, 0x00	; 0
     8d6:	40 e8       	ldi	r20, 0x80	; 128
     8d8:	5f eb       	ldi	r21, 0xBF	; 191
     8da:	bc 01       	movw	r22, r24
     8dc:	cd 01       	movw	r24, r26
     8de:	0e 94 b6 08 	call	0x116c	; 0x116c <__cmpsf2>
     8e2:	88 23       	and	r24, r24
     8e4:	09 f0       	breq	.+2      	; 0x8e8 <calcula_passos_moviments_q3+0xbe>
     8e6:	ae cf       	rjmp	.-164    	; 0x844 <calcula_passos_moviments_q3+0x1a>
		movs[i].passos = calcula_pasos_q3(movs[i].graus);
		}
		return i-1; //nombre màxim de movs
     8e8:	89 81       	ldd	r24, Y+1	; 0x01
     8ea:	9a 81       	ldd	r25, Y+2	; 0x02
     8ec:	01 97       	sbiw	r24, 0x01	; 1
}
     8ee:	0f 90       	pop	r0
     8f0:	0f 90       	pop	r0
     8f2:	0f 90       	pop	r0
     8f4:	0f 90       	pop	r0
     8f6:	df 91       	pop	r29
     8f8:	cf 91       	pop	r28
     8fa:	1f 91       	pop	r17
     8fc:	0f 91       	pop	r16
     8fe:	08 95       	ret

00000900 <calcula_passos_moviments_d1>:

int calcula_passos_moviments_d1(Moviment movs[]) {
     900:	0f 93       	push	r16
     902:	1f 93       	push	r17
     904:	cf 93       	push	r28
     906:	df 93       	push	r29
     908:	00 d0       	rcall	.+0      	; 0x90a <calcula_passos_moviments_d1+0xa>
     90a:	00 d0       	rcall	.+0      	; 0x90c <calcula_passos_moviments_d1+0xc>
     90c:	cd b7       	in	r28, 0x3d	; 61
     90e:	de b7       	in	r29, 0x3e	; 62
     910:	9c 83       	std	Y+4, r25	; 0x04
     912:	8b 83       	std	Y+3, r24	; 0x03
	int i;
	for (i = 0;movs[i].altura != -1.0f; i++) {
     914:	1a 82       	std	Y+2, r1	; 0x02
     916:	19 82       	std	Y+1, r1	; 0x01
     918:	32 c0       	rjmp	.+100    	; 0x97e <calcula_passos_moviments_d1+0x7e>
		movs[i].passos = calcula_pasos_d1(movs[i].altura);
     91a:	29 81       	ldd	r18, Y+1	; 0x01
     91c:	3a 81       	ldd	r19, Y+2	; 0x02
     91e:	c9 01       	movw	r24, r18
     920:	88 0f       	add	r24, r24
     922:	99 1f       	adc	r25, r25
     924:	82 0f       	add	r24, r18
     926:	93 1f       	adc	r25, r19
     928:	88 0f       	add	r24, r24
     92a:	99 1f       	adc	r25, r25
     92c:	88 0f       	add	r24, r24
     92e:	99 1f       	adc	r25, r25
     930:	9c 01       	movw	r18, r24
     932:	8b 81       	ldd	r24, Y+3	; 0x03
     934:	9c 81       	ldd	r25, Y+4	; 0x04
     936:	8c 01       	movw	r16, r24
     938:	02 0f       	add	r16, r18
     93a:	13 1f       	adc	r17, r19
     93c:	29 81       	ldd	r18, Y+1	; 0x01
     93e:	3a 81       	ldd	r19, Y+2	; 0x02
     940:	c9 01       	movw	r24, r18
     942:	88 0f       	add	r24, r24
     944:	99 1f       	adc	r25, r25
     946:	82 0f       	add	r24, r18
     948:	93 1f       	adc	r25, r19
     94a:	88 0f       	add	r24, r24
     94c:	99 1f       	adc	r25, r25
     94e:	88 0f       	add	r24, r24
     950:	99 1f       	adc	r25, r25
     952:	9c 01       	movw	r18, r24
     954:	8b 81       	ldd	r24, Y+3	; 0x03
     956:	9c 81       	ldd	r25, Y+4	; 0x04
     958:	82 0f       	add	r24, r18
     95a:	93 1f       	adc	r25, r19
     95c:	fc 01       	movw	r30, r24
     95e:	84 81       	ldd	r24, Z+4	; 0x04
     960:	95 81       	ldd	r25, Z+5	; 0x05
     962:	a6 81       	ldd	r26, Z+6	; 0x06
     964:	b7 81       	ldd	r27, Z+7	; 0x07
     966:	bc 01       	movw	r22, r24
     968:	cd 01       	movw	r24, r26
     96a:	0e 94 7d 03 	call	0x6fa	; 0x6fa <calcula_pasos_d1>
     96e:	f8 01       	movw	r30, r16
     970:	91 87       	std	Z+9, r25	; 0x09
     972:	80 87       	std	Z+8, r24	; 0x08
		return i-1; //nombre màxim de movs
}

int calcula_passos_moviments_d1(Moviment movs[]) {
	int i;
	for (i = 0;movs[i].altura != -1.0f; i++) {
     974:	89 81       	ldd	r24, Y+1	; 0x01
     976:	9a 81       	ldd	r25, Y+2	; 0x02
     978:	01 96       	adiw	r24, 0x01	; 1
     97a:	9a 83       	std	Y+2, r25	; 0x02
     97c:	89 83       	std	Y+1, r24	; 0x01
     97e:	29 81       	ldd	r18, Y+1	; 0x01
     980:	3a 81       	ldd	r19, Y+2	; 0x02
     982:	c9 01       	movw	r24, r18
     984:	88 0f       	add	r24, r24
     986:	99 1f       	adc	r25, r25
     988:	82 0f       	add	r24, r18
     98a:	93 1f       	adc	r25, r19
     98c:	88 0f       	add	r24, r24
     98e:	99 1f       	adc	r25, r25
     990:	88 0f       	add	r24, r24
     992:	99 1f       	adc	r25, r25
     994:	9c 01       	movw	r18, r24
     996:	8b 81       	ldd	r24, Y+3	; 0x03
     998:	9c 81       	ldd	r25, Y+4	; 0x04
     99a:	82 0f       	add	r24, r18
     99c:	93 1f       	adc	r25, r19
     99e:	fc 01       	movw	r30, r24
     9a0:	84 81       	ldd	r24, Z+4	; 0x04
     9a2:	95 81       	ldd	r25, Z+5	; 0x05
     9a4:	a6 81       	ldd	r26, Z+6	; 0x06
     9a6:	b7 81       	ldd	r27, Z+7	; 0x07
     9a8:	20 e0       	ldi	r18, 0x00	; 0
     9aa:	30 e0       	ldi	r19, 0x00	; 0
     9ac:	40 e8       	ldi	r20, 0x80	; 128
     9ae:	5f eb       	ldi	r21, 0xBF	; 191
     9b0:	bc 01       	movw	r22, r24
     9b2:	cd 01       	movw	r24, r26
     9b4:	0e 94 b6 08 	call	0x116c	; 0x116c <__cmpsf2>
     9b8:	88 23       	and	r24, r24
     9ba:	09 f0       	breq	.+2      	; 0x9be <calcula_passos_moviments_d1+0xbe>
     9bc:	ae cf       	rjmp	.-164    	; 0x91a <calcula_passos_moviments_d1+0x1a>
		movs[i].passos = calcula_pasos_d1(movs[i].altura);
		}
		return i-1; //nombre màxim de movs
     9be:	89 81       	ldd	r24, Y+1	; 0x01
     9c0:	9a 81       	ldd	r25, Y+2	; 0x02
     9c2:	01 97       	sbiw	r24, 0x01	; 1
}
     9c4:	0f 90       	pop	r0
     9c6:	0f 90       	pop	r0
     9c8:	0f 90       	pop	r0
     9ca:	0f 90       	pop	r0
     9cc:	df 91       	pop	r29
     9ce:	cf 91       	pop	r28
     9d0:	1f 91       	pop	r17
     9d2:	0f 91       	pop	r16
     9d4:	08 95       	ret

000009d6 <__vector_11>:
volatile uint8_t mov_acabat_q2 = 0;



// ISR PWM. Genera steps (polsos) per al motor. Fq: 1Khz; Dty: 50%.
ISR(TIMER1_COMPA_vect) {
     9d6:	1f 92       	push	r1
     9d8:	0f 92       	push	r0
     9da:	00 90 5f 00 	lds	r0, 0x005F	; 0x80005f <__TEXT_REGION_LENGTH__+0x7f805f>
     9de:	0f 92       	push	r0
     9e0:	11 24       	eor	r1, r1
     9e2:	2f 93       	push	r18
     9e4:	3f 93       	push	r19
     9e6:	8f 93       	push	r24
     9e8:	9f 93       	push	r25
     9ea:	ef 93       	push	r30
     9ec:	ff 93       	push	r31
     9ee:	cf 93       	push	r28
     9f0:	df 93       	push	r29
     9f2:	cd b7       	in	r28, 0x3d	; 61
     9f4:	de b7       	in	r29, 0x3e	; 62
	step_count_q2++;
     9f6:	80 91 7e 02 	lds	r24, 0x027E	; 0x80027e <step_count_q2>
     9fa:	90 91 7f 02 	lds	r25, 0x027F	; 0x80027f <step_count_q2+0x1>
     9fe:	01 96       	adiw	r24, 0x01	; 1
     a00:	90 93 7f 02 	sts	0x027F, r25	; 0x80027f <step_count_q2+0x1>
     a04:	80 93 7e 02 	sts	0x027E, r24	; 0x80027e <step_count_q2>
	if (step_count_q2 >= llista_q2[mov_index].passos) {
     a08:	80 91 7d 02 	lds	r24, 0x027D	; 0x80027d <mov_index>
     a0c:	28 2f       	mov	r18, r24
     a0e:	30 e0       	ldi	r19, 0x00	; 0
     a10:	c9 01       	movw	r24, r18
     a12:	88 0f       	add	r24, r24
     a14:	99 1f       	adc	r25, r25
     a16:	82 0f       	add	r24, r18
     a18:	93 1f       	adc	r25, r19
     a1a:	88 0f       	add	r24, r24
     a1c:	99 1f       	adc	r25, r25
     a1e:	88 0f       	add	r24, r24
     a20:	99 1f       	adc	r25, r25
     a22:	87 5f       	subi	r24, 0xF7	; 247
     a24:	9e 4f       	sbci	r25, 0xFE	; 254
     a26:	fc 01       	movw	r30, r24
     a28:	20 81       	ld	r18, Z
     a2a:	31 81       	ldd	r19, Z+1	; 0x01
     a2c:	80 91 7e 02 	lds	r24, 0x027E	; 0x80027e <step_count_q2>
     a30:	90 91 7f 02 	lds	r25, 0x027F	; 0x80027f <step_count_q2+0x1>
     a34:	82 17       	cp	r24, r18
     a36:	93 07       	cpc	r25, r19
     a38:	c4 f0       	brlt	.+48     	; 0xa6a <__vector_11+0x94>
		TCCR1A &= ~(1 << COM1A1);
     a3a:	80 e8       	ldi	r24, 0x80	; 128
     a3c:	90 e0       	ldi	r25, 0x00	; 0
     a3e:	20 e8       	ldi	r18, 0x80	; 128
     a40:	30 e0       	ldi	r19, 0x00	; 0
     a42:	f9 01       	movw	r30, r18
     a44:	20 81       	ld	r18, Z
     a46:	2f 77       	andi	r18, 0x7F	; 127
     a48:	fc 01       	movw	r30, r24
     a4a:	20 83       	st	Z, r18
		TIMSK1 &= ~(1 << OCIE1A);
     a4c:	8f e6       	ldi	r24, 0x6F	; 111
     a4e:	90 e0       	ldi	r25, 0x00	; 0
     a50:	2f e6       	ldi	r18, 0x6F	; 111
     a52:	30 e0       	ldi	r19, 0x00	; 0
     a54:	f9 01       	movw	r30, r18
     a56:	20 81       	ld	r18, Z
     a58:	2d 7f       	andi	r18, 0xFD	; 253
     a5a:	fc 01       	movw	r30, r24
     a5c:	20 83       	st	Z, r18
		mov_acabat_q2 = 1;
     a5e:	81 e0       	ldi	r24, 0x01	; 1
     a60:	80 93 82 02 	sts	0x0282, r24	; 0x800282 <mov_acabat_q2>
		HM_Q2 = 3;
     a64:	83 e0       	ldi	r24, 0x03	; 3
     a66:	80 93 b5 01 	sts	0x01B5, r24	; 0x8001b5 <HM_Q2>
	}
}
     a6a:	00 00       	nop
     a6c:	df 91       	pop	r29
     a6e:	cf 91       	pop	r28
     a70:	ff 91       	pop	r31
     a72:	ef 91       	pop	r30
     a74:	9f 91       	pop	r25
     a76:	8f 91       	pop	r24
     a78:	3f 91       	pop	r19
     a7a:	2f 91       	pop	r18
     a7c:	0f 90       	pop	r0
     a7e:	00 92 5f 00 	sts	0x005F, r0	; 0x80005f <__TEXT_REGION_LENGTH__+0x7f805f>
     a82:	0f 90       	pop	r0
     a84:	1f 90       	pop	r1
     a86:	18 95       	reti

00000a88 <homing_q2>:




void homing_q2(void){
     a88:	cf 93       	push	r28
     a8a:	df 93       	push	r29
     a8c:	cd b7       	in	r28, 0x3d	; 61
     a8e:	de b7       	in	r29, 0x3e	; 62
	PORTD |= (1 << EN_q3);
     a90:	8b e2       	ldi	r24, 0x2B	; 43
     a92:	90 e0       	ldi	r25, 0x00	; 0
     a94:	2b e2       	ldi	r18, 0x2B	; 43
     a96:	30 e0       	ldi	r19, 0x00	; 0
     a98:	f9 01       	movw	r30, r18
     a9a:	20 81       	ld	r18, Z
     a9c:	20 62       	ori	r18, 0x20	; 32
     a9e:	fc 01       	movw	r30, r24
     aa0:	20 83       	st	Z, r18
	while(!ACABAT_Q2)
     aa2:	82 c0       	rjmp	.+260    	; 0xba8 <homing_q2+0x120>
	{
		switch (HM_Q2){
     aa4:	80 91 b5 01 	lds	r24, 0x01B5	; 0x8001b5 <HM_Q2>
     aa8:	88 2f       	mov	r24, r24
     aaa:	90 e0       	ldi	r25, 0x00	; 0
     aac:	81 30       	cpi	r24, 0x01	; 1
     aae:	91 05       	cpc	r25, r1
     ab0:	59 f0       	breq	.+22     	; 0xac8 <homing_q2+0x40>
     ab2:	82 30       	cpi	r24, 0x02	; 2
     ab4:	91 05       	cpc	r25, r1
     ab6:	0c f4       	brge	.+2      	; 0xaba <homing_q2+0x32>
     ab8:	77 c0       	rjmp	.+238    	; 0xba8 <homing_q2+0x120>
     aba:	82 30       	cpi	r24, 0x02	; 2
     abc:	91 05       	cpc	r25, r1
     abe:	79 f1       	breq	.+94     	; 0xb1e <homing_q2+0x96>
     ac0:	03 97       	sbiw	r24, 0x03	; 3
     ac2:	09 f4       	brne	.+2      	; 0xac6 <homing_q2+0x3e>
     ac4:	5e c0       	rjmp	.+188    	; 0xb82 <homing_q2+0xfa>
     ac6:	70 c0       	rjmp	.+224    	; 0xba8 <homing_q2+0x120>
			case 0:		// Moviment
			break;

			case 1:		// Config inici desplaçament
 			step_count_q2 = 0;
     ac8:	10 92 7f 02 	sts	0x027F, r1	; 0x80027f <step_count_q2+0x1>
     acc:	10 92 7e 02 	sts	0x027E, r1	; 0x80027e <step_count_q2>
			mov_index = 0;
     ad0:	10 92 7d 02 	sts	0x027D, r1	; 0x80027d <mov_index>
			llista_q2[mov_index].passos = 5766;
     ad4:	80 91 7d 02 	lds	r24, 0x027D	; 0x80027d <mov_index>
     ad8:	28 2f       	mov	r18, r24
     ada:	30 e0       	ldi	r19, 0x00	; 0
     adc:	c9 01       	movw	r24, r18
     ade:	88 0f       	add	r24, r24
     ae0:	99 1f       	adc	r25, r25
     ae2:	82 0f       	add	r24, r18
     ae4:	93 1f       	adc	r25, r19
     ae6:	88 0f       	add	r24, r24
     ae8:	99 1f       	adc	r25, r25
     aea:	88 0f       	add	r24, r24
     aec:	99 1f       	adc	r25, r25
     aee:	87 5f       	subi	r24, 0xF7	; 247
     af0:	9e 4f       	sbci	r25, 0xFE	; 254
     af2:	26 e8       	ldi	r18, 0x86	; 134
     af4:	36 e1       	ldi	r19, 0x16	; 22
     af6:	fc 01       	movw	r30, r24
     af8:	31 83       	std	Z+1, r19	; 0x01
     afa:	20 83       	st	Z, r18
			TCNT1 = 0;
     afc:	84 e8       	ldi	r24, 0x84	; 132
     afe:	90 e0       	ldi	r25, 0x00	; 0
     b00:	fc 01       	movw	r30, r24
     b02:	11 82       	std	Z+1, r1	; 0x01
     b04:	10 82       	st	Z, r1
			TCCR1A |= (1<<COM1A1);
     b06:	80 e8       	ldi	r24, 0x80	; 128
     b08:	90 e0       	ldi	r25, 0x00	; 0
     b0a:	20 e8       	ldi	r18, 0x80	; 128
     b0c:	30 e0       	ldi	r19, 0x00	; 0
     b0e:	f9 01       	movw	r30, r18
     b10:	20 81       	ld	r18, Z
     b12:	20 68       	ori	r18, 0x80	; 128
     b14:	fc 01       	movw	r30, r24
     b16:	20 83       	st	Z, r18
			HM_Q2  = 0;
     b18:	10 92 b5 01 	sts	0x01B5, r1	; 0x8001b5 <HM_Q2>
			break;
     b1c:	45 c0       	rjmp	.+138    	; 0xba8 <homing_q2+0x120>

			case 2:									// Config desplaçament a home
			PORTB &= ~(1<<DIR_q2);					// Canvi direcció
     b1e:	85 e2       	ldi	r24, 0x25	; 37
     b20:	90 e0       	ldi	r25, 0x00	; 0
     b22:	25 e2       	ldi	r18, 0x25	; 37
     b24:	30 e0       	ldi	r19, 0x00	; 0
     b26:	f9 01       	movw	r30, r18
     b28:	20 81       	ld	r18, Z
     b2a:	2e 7f       	andi	r18, 0xFE	; 254
     b2c:	fc 01       	movw	r30, r24
     b2e:	20 83       	st	Z, r18
			step_count_q2 = 0;
     b30:	10 92 7f 02 	sts	0x027F, r1	; 0x80027f <step_count_q2+0x1>
     b34:	10 92 7e 02 	sts	0x027E, r1	; 0x80027e <step_count_q2>
			llista_q2[mov_index].passos = 1920;
     b38:	80 91 7d 02 	lds	r24, 0x027D	; 0x80027d <mov_index>
     b3c:	28 2f       	mov	r18, r24
     b3e:	30 e0       	ldi	r19, 0x00	; 0
     b40:	c9 01       	movw	r24, r18
     b42:	88 0f       	add	r24, r24
     b44:	99 1f       	adc	r25, r25
     b46:	82 0f       	add	r24, r18
     b48:	93 1f       	adc	r25, r19
     b4a:	88 0f       	add	r24, r24
     b4c:	99 1f       	adc	r25, r25
     b4e:	88 0f       	add	r24, r24
     b50:	99 1f       	adc	r25, r25
     b52:	87 5f       	subi	r24, 0xF7	; 247
     b54:	9e 4f       	sbci	r25, 0xFE	; 254
     b56:	20 e8       	ldi	r18, 0x80	; 128
     b58:	37 e0       	ldi	r19, 0x07	; 7
     b5a:	fc 01       	movw	r30, r24
     b5c:	31 83       	std	Z+1, r19	; 0x01
     b5e:	20 83       	st	Z, r18
			TCNT1 = 0;
     b60:	84 e8       	ldi	r24, 0x84	; 132
     b62:	90 e0       	ldi	r25, 0x00	; 0
     b64:	fc 01       	movw	r30, r24
     b66:	11 82       	std	Z+1, r1	; 0x01
     b68:	10 82       	st	Z, r1
			PCMSK0 &= ~(1 << PCINT2);
     b6a:	8b e6       	ldi	r24, 0x6B	; 107
     b6c:	90 e0       	ldi	r25, 0x00	; 0
     b6e:	2b e6       	ldi	r18, 0x6B	; 107
     b70:	30 e0       	ldi	r19, 0x00	; 0
     b72:	f9 01       	movw	r30, r18
     b74:	20 81       	ld	r18, Z
     b76:	2b 7f       	andi	r18, 0xFB	; 251
     b78:	fc 01       	movw	r30, r24
     b7a:	20 83       	st	Z, r18
			HM_Q2  = 0;
     b7c:	10 92 b5 01 	sts	0x01B5, r1	; 0x8001b5 <HM_Q2>
			break;
     b80:	13 c0       	rjmp	.+38     	; 0xba8 <homing_q2+0x120>

			case 3:							// Home q2 acabat
			PCMSK0 |= (1 << PCINT2);
     b82:	8b e6       	ldi	r24, 0x6B	; 107
     b84:	90 e0       	ldi	r25, 0x00	; 0
     b86:	2b e6       	ldi	r18, 0x6B	; 107
     b88:	30 e0       	ldi	r19, 0x00	; 0
     b8a:	f9 01       	movw	r30, r18
     b8c:	20 81       	ld	r18, Z
     b8e:	24 60       	ori	r18, 0x04	; 4
     b90:	fc 01       	movw	r30, r24
     b92:	20 83       	st	Z, r18
			ACABAT_Q2 = 1; 
     b94:	81 e0       	ldi	r24, 0x01	; 1
     b96:	80 93 81 02 	sts	0x0281, r24	; 0x800281 <ACABAT_Q2>
			step_count_q2 = 0;
     b9a:	10 92 7f 02 	sts	0x027F, r1	; 0x80027f <step_count_q2+0x1>
     b9e:	10 92 7e 02 	sts	0x027E, r1	; 0x80027e <step_count_q2>
			MOV_Q2 = 0;
     ba2:	10 92 80 02 	sts	0x0280, r1	; 0x800280 <MOV_Q2>
			break;
     ba6:	00 00       	nop



void homing_q2(void){
	PORTD |= (1 << EN_q3);
	while(!ACABAT_Q2)
     ba8:	80 91 81 02 	lds	r24, 0x0281	; 0x800281 <ACABAT_Q2>
     bac:	88 23       	and	r24, r24
     bae:	09 f4       	brne	.+2      	; 0xbb2 <homing_q2+0x12a>
     bb0:	79 cf       	rjmp	.-270    	; 0xaa4 <homing_q2+0x1c>
			step_count_q2 = 0;
			MOV_Q2 = 0;
			break;
		}
	}
}
     bb2:	00 00       	nop
     bb4:	df 91       	pop	r29
     bb6:	cf 91       	pop	r28
     bb8:	08 95       	ret

00000bba <__vector_33>:




// ISR PWM. Genera steps (polsos) per al motor. Fq: 1Khz; Dty: 50%.
ISR(TIMER3_COMPA_vect) {
     bba:	1f 92       	push	r1
     bbc:	0f 92       	push	r0
     bbe:	00 90 5f 00 	lds	r0, 0x005F	; 0x80005f <__TEXT_REGION_LENGTH__+0x7f805f>
     bc2:	0f 92       	push	r0
     bc4:	11 24       	eor	r1, r1
     bc6:	2f 93       	push	r18
     bc8:	3f 93       	push	r19
     bca:	8f 93       	push	r24
     bcc:	9f 93       	push	r25
     bce:	ef 93       	push	r30
     bd0:	ff 93       	push	r31
     bd2:	cf 93       	push	r28
     bd4:	df 93       	push	r29
     bd6:	cd b7       	in	r28, 0x3d	; 61
     bd8:	de b7       	in	r29, 0x3e	; 62
	step_count_q3++;
     bda:	80 91 83 02 	lds	r24, 0x0283	; 0x800283 <step_count_q3>
     bde:	90 91 84 02 	lds	r25, 0x0284	; 0x800284 <step_count_q3+0x1>
     be2:	01 96       	adiw	r24, 0x01	; 1
     be4:	90 93 84 02 	sts	0x0284, r25	; 0x800284 <step_count_q3+0x1>
     be8:	80 93 83 02 	sts	0x0283, r24	; 0x800283 <step_count_q3>
	if (step_count_q3 >= llista_q3[mov_index].passos) {
     bec:	80 91 7d 02 	lds	r24, 0x027D	; 0x80027d <mov_index>
     bf0:	28 2f       	mov	r18, r24
     bf2:	30 e0       	ldi	r19, 0x00	; 0
     bf4:	c9 01       	movw	r24, r18
     bf6:	88 0f       	add	r24, r24
     bf8:	99 1f       	adc	r25, r25
     bfa:	82 0f       	add	r24, r18
     bfc:	93 1f       	adc	r25, r19
     bfe:	88 0f       	add	r24, r24
     c00:	99 1f       	adc	r25, r25
     c02:	88 0f       	add	r24, r24
     c04:	99 1f       	adc	r25, r25
     c06:	8b 5b       	subi	r24, 0xBB	; 187
     c08:	9e 4f       	sbci	r25, 0xFE	; 254
     c0a:	fc 01       	movw	r30, r24
     c0c:	80 81       	ld	r24, Z
     c0e:	91 81       	ldd	r25, Z+1	; 0x01
     c10:	9c 01       	movw	r18, r24
     c12:	80 91 83 02 	lds	r24, 0x0283	; 0x800283 <step_count_q3>
     c16:	90 91 84 02 	lds	r25, 0x0284	; 0x800284 <step_count_q3+0x1>
     c1a:	82 17       	cp	r24, r18
     c1c:	93 07       	cpc	r25, r19
     c1e:	c0 f0       	brcs	.+48     	; 0xc50 <__vector_33+0x96>
		TCCR3A &= ~(1 << COM3A1);
     c20:	80 e9       	ldi	r24, 0x90	; 144
     c22:	90 e0       	ldi	r25, 0x00	; 0
     c24:	20 e9       	ldi	r18, 0x90	; 144
     c26:	30 e0       	ldi	r19, 0x00	; 0
     c28:	f9 01       	movw	r30, r18
     c2a:	20 81       	ld	r18, Z
     c2c:	2f 77       	andi	r18, 0x7F	; 127
     c2e:	fc 01       	movw	r30, r24
     c30:	20 83       	st	Z, r18
		TIMSK3 &= ~(1 << OCIE3A);
     c32:	81 e7       	ldi	r24, 0x71	; 113
     c34:	90 e0       	ldi	r25, 0x00	; 0
     c36:	21 e7       	ldi	r18, 0x71	; 113
     c38:	30 e0       	ldi	r19, 0x00	; 0
     c3a:	f9 01       	movw	r30, r18
     c3c:	20 81       	ld	r18, Z
     c3e:	2d 7f       	andi	r18, 0xFD	; 253
     c40:	fc 01       	movw	r30, r24
     c42:	20 83       	st	Z, r18
		mov_acabat_q3 = 1;
     c44:	81 e0       	ldi	r24, 0x01	; 1
     c46:	80 93 88 02 	sts	0x0288, r24	; 0x800288 <mov_acabat_q3>
		HM_Q3 = 3;
     c4a:	83 e0       	ldi	r24, 0x03	; 3
     c4c:	80 93 b6 01 	sts	0x01B6, r24	; 0x8001b6 <HM_Q3>
	}
}
     c50:	00 00       	nop
     c52:	df 91       	pop	r29
     c54:	cf 91       	pop	r28
     c56:	ff 91       	pop	r31
     c58:	ef 91       	pop	r30
     c5a:	9f 91       	pop	r25
     c5c:	8f 91       	pop	r24
     c5e:	3f 91       	pop	r19
     c60:	2f 91       	pop	r18
     c62:	0f 90       	pop	r0
     c64:	00 92 5f 00 	sts	0x005F, r0	; 0x80005f <__TEXT_REGION_LENGTH__+0x7f805f>
     c68:	0f 90       	pop	r0
     c6a:	1f 90       	pop	r1
     c6c:	18 95       	reti

00000c6e <__vector_27>:
		}
	}
}
*/

ISR(PCINT3_vect){
     c6e:	1f 92       	push	r1
     c70:	0f 92       	push	r0
     c72:	00 90 5f 00 	lds	r0, 0x005F	; 0x80005f <__TEXT_REGION_LENGTH__+0x7f805f>
     c76:	0f 92       	push	r0
     c78:	11 24       	eor	r1, r1
     c7a:	8f 93       	push	r24
     c7c:	9f 93       	push	r25
     c7e:	ef 93       	push	r30
     c80:	ff 93       	push	r31
     c82:	cf 93       	push	r28
     c84:	df 93       	push	r29
     c86:	cd b7       	in	r28, 0x3d	; 61
     c88:	de b7       	in	r29, 0x3e	; 62
	if (PINE & (1 << FC_q2)) {
     c8a:	8c e2       	ldi	r24, 0x2C	; 44
     c8c:	90 e0       	ldi	r25, 0x00	; 0
     c8e:	fc 01       	movw	r30, r24
     c90:	80 81       	ld	r24, Z
     c92:	88 2f       	mov	r24, r24
     c94:	90 e0       	ldi	r25, 0x00	; 0
     c96:	84 70       	andi	r24, 0x04	; 4
     c98:	99 27       	eor	r25, r25
     c9a:	89 2b       	or	r24, r25
     c9c:	51 f0       	breq	.+20     	; 0xcb2 <__vector_27+0x44>
		if (MOV_Q2 != 4) {
     c9e:	80 91 80 02 	lds	r24, 0x0280	; 0x800280 <MOV_Q2>
     ca2:	84 30       	cpi	r24, 0x04	; 4
     ca4:	31 f0       	breq	.+12     	; 0xcb2 <__vector_27+0x44>
			MOV_Q2 = 2;
     ca6:	82 e0       	ldi	r24, 0x02	; 2
     ca8:	80 93 80 02 	sts	0x0280, r24	; 0x800280 <MOV_Q2>
			HM_Q2 = 2;
     cac:	82 e0       	ldi	r24, 0x02	; 2
     cae:	80 93 b5 01 	sts	0x01B5, r24	; 0x8001b5 <HM_Q2>
		}
	}
	if (PINE & (1 << FC_q3)) {
     cb2:	8c e2       	ldi	r24, 0x2C	; 44
     cb4:	90 e0       	ldi	r25, 0x00	; 0
     cb6:	fc 01       	movw	r30, r24
     cb8:	80 81       	ld	r24, Z
     cba:	88 2f       	mov	r24, r24
     cbc:	90 e0       	ldi	r25, 0x00	; 0
     cbe:	82 70       	andi	r24, 0x02	; 2
     cc0:	99 27       	eor	r25, r25
     cc2:	89 2b       	or	r24, r25
     cc4:	51 f0       	breq	.+20     	; 0xcda <__vector_27+0x6c>
		if (MOV_Q3 != 4) {
     cc6:	80 91 86 02 	lds	r24, 0x0286	; 0x800286 <MOV_Q3>
     cca:	84 30       	cpi	r24, 0x04	; 4
     ccc:	31 f0       	breq	.+12     	; 0xcda <__vector_27+0x6c>
			MOV_Q3 = 3;
     cce:	83 e0       	ldi	r24, 0x03	; 3
     cd0:	80 93 86 02 	sts	0x0286, r24	; 0x800286 <MOV_Q3>
			HM_Q3 = 2;
     cd4:	82 e0       	ldi	r24, 0x02	; 2
     cd6:	80 93 b6 01 	sts	0x01B6, r24	; 0x8001b6 <HM_Q3>
		}
	}
	if ((PINE & (1 << FC_d1))) {  
     cda:	8c e2       	ldi	r24, 0x2C	; 44
     cdc:	90 e0       	ldi	r25, 0x00	; 0
     cde:	fc 01       	movw	r30, r24
     ce0:	80 81       	ld	r24, Z
     ce2:	88 2f       	mov	r24, r24
     ce4:	90 e0       	ldi	r25, 0x00	; 0
     ce6:	81 70       	andi	r24, 0x01	; 1
     ce8:	99 27       	eor	r25, r25
     cea:	89 2b       	or	r24, r25
     cec:	51 f0       	breq	.+20     	; 0xd02 <__vector_27+0x94>
		if (MOV_D1 != 4) {
     cee:	80 91 7a 02 	lds	r24, 0x027A	; 0x80027a <MOV_D1>
     cf2:	84 30       	cpi	r24, 0x04	; 4
     cf4:	31 f0       	breq	.+12     	; 0xd02 <__vector_27+0x94>
			MOV_D1 = 3;
     cf6:	83 e0       	ldi	r24, 0x03	; 3
     cf8:	80 93 7a 02 	sts	0x027A, r24	; 0x80027a <MOV_D1>
			HM_D1 = 2;
     cfc:	82 e0       	ldi	r24, 0x02	; 2
     cfe:	80 93 00 01 	sts	0x0100, r24	; 0x800100 <__DATA_REGION_ORIGIN__>
		}
	}
}
     d02:	00 00       	nop
     d04:	df 91       	pop	r29
     d06:	cf 91       	pop	r28
     d08:	ff 91       	pop	r31
     d0a:	ef 91       	pop	r30
     d0c:	9f 91       	pop	r25
     d0e:	8f 91       	pop	r24
     d10:	0f 90       	pop	r0
     d12:	00 92 5f 00 	sts	0x005F, r0	; 0x80005f <__TEXT_REGION_LENGTH__+0x7f805f>
     d16:	0f 90       	pop	r0
     d18:	1f 90       	pop	r1
     d1a:	18 95       	reti

00000d1c <homing_q3>:





void homing_q3(void) {
     d1c:	cf 93       	push	r28
     d1e:	df 93       	push	r29
     d20:	cd b7       	in	r28, 0x3d	; 61
     d22:	de b7       	in	r29, 0x3e	; 62
	
	while (!ACABAT_Q3) {
     d24:	94 c0       	rjmp	.+296    	; 0xe4e <homing_q3+0x132>
		switch (HM_Q3) {
     d26:	80 91 b6 01 	lds	r24, 0x01B6	; 0x8001b6 <HM_Q3>
     d2a:	88 2f       	mov	r24, r24
     d2c:	90 e0       	ldi	r25, 0x00	; 0
     d2e:	81 30       	cpi	r24, 0x01	; 1
     d30:	91 05       	cpc	r25, r1
     d32:	59 f0       	breq	.+22     	; 0xd4a <homing_q3+0x2e>
     d34:	82 30       	cpi	r24, 0x02	; 2
     d36:	91 05       	cpc	r25, r1
     d38:	0c f4       	brge	.+2      	; 0xd3c <homing_q3+0x20>
     d3a:	89 c0       	rjmp	.+274    	; 0xe4e <homing_q3+0x132>
     d3c:	82 30       	cpi	r24, 0x02	; 2
     d3e:	91 05       	cpc	r25, r1
     d40:	79 f1       	breq	.+94     	; 0xda0 <homing_q3+0x84>
     d42:	03 97       	sbiw	r24, 0x03	; 3
     d44:	09 f4       	brne	.+2      	; 0xd48 <homing_q3+0x2c>
     d46:	5e c0       	rjmp	.+188    	; 0xe04 <homing_q3+0xe8>
     d48:	82 c0       	rjmp	.+260    	; 0xe4e <homing_q3+0x132>
			case 0:		// Moviment
			break;

			case 1:		// Config inici desplaçament
			step_count_q3 = 0;
     d4a:	10 92 84 02 	sts	0x0284, r1	; 0x800284 <step_count_q3+0x1>
     d4e:	10 92 83 02 	sts	0x0283, r1	; 0x800283 <step_count_q3>
			TCNT3 = 0;
     d52:	84 e9       	ldi	r24, 0x94	; 148
     d54:	90 e0       	ldi	r25, 0x00	; 0
     d56:	fc 01       	movw	r30, r24
     d58:	11 82       	std	Z+1, r1	; 0x01
     d5a:	10 82       	st	Z, r1
			mov_index_q3 = 0;
     d5c:	10 92 85 02 	sts	0x0285, r1	; 0x800285 <mov_index_q3>
			llista_q3[mov_index_q3].passos = 10152;
     d60:	80 91 85 02 	lds	r24, 0x0285	; 0x800285 <mov_index_q3>
     d64:	28 2f       	mov	r18, r24
     d66:	30 e0       	ldi	r19, 0x00	; 0
     d68:	c9 01       	movw	r24, r18
     d6a:	88 0f       	add	r24, r24
     d6c:	99 1f       	adc	r25, r25
     d6e:	82 0f       	add	r24, r18
     d70:	93 1f       	adc	r25, r19
     d72:	88 0f       	add	r24, r24
     d74:	99 1f       	adc	r25, r25
     d76:	88 0f       	add	r24, r24
     d78:	99 1f       	adc	r25, r25
     d7a:	8b 5b       	subi	r24, 0xBB	; 187
     d7c:	9e 4f       	sbci	r25, 0xFE	; 254
     d7e:	28 ea       	ldi	r18, 0xA8	; 168
     d80:	37 e2       	ldi	r19, 0x27	; 39
     d82:	fc 01       	movw	r30, r24
     d84:	31 83       	std	Z+1, r19	; 0x01
     d86:	20 83       	st	Z, r18
			TCCR3A |= (1 << COM3A1);
     d88:	80 e9       	ldi	r24, 0x90	; 144
     d8a:	90 e0       	ldi	r25, 0x00	; 0
     d8c:	20 e9       	ldi	r18, 0x90	; 144
     d8e:	30 e0       	ldi	r19, 0x00	; 0
     d90:	f9 01       	movw	r30, r18
     d92:	20 81       	ld	r18, Z
     d94:	20 68       	ori	r18, 0x80	; 128
     d96:	fc 01       	movw	r30, r24
     d98:	20 83       	st	Z, r18
			HM_Q3 = 0;
     d9a:	10 92 b6 01 	sts	0x01B6, r1	; 0x8001b6 <HM_Q3>
			break;
     d9e:	57 c0       	rjmp	.+174    	; 0xe4e <homing_q3+0x132>

			case 2:		// Config desplaçament a home
			PORTD &= ~(1 << DIR_q3);
     da0:	8b e2       	ldi	r24, 0x2B	; 43
     da2:	90 e0       	ldi	r25, 0x00	; 0
     da4:	2b e2       	ldi	r18, 0x2B	; 43
     da6:	30 e0       	ldi	r19, 0x00	; 0
     da8:	f9 01       	movw	r30, r18
     daa:	20 81       	ld	r18, Z
     dac:	2b 7f       	andi	r18, 0xFB	; 251
     dae:	fc 01       	movw	r30, r24
     db0:	20 83       	st	Z, r18
			step_count_q3 = 0;
     db2:	10 92 84 02 	sts	0x0284, r1	; 0x800284 <step_count_q3+0x1>
     db6:	10 92 83 02 	sts	0x0283, r1	; 0x800283 <step_count_q3>
			TCNT3 = 0;
     dba:	84 e9       	ldi	r24, 0x94	; 148
     dbc:	90 e0       	ldi	r25, 0x00	; 0
     dbe:	fc 01       	movw	r30, r24
     dc0:	11 82       	std	Z+1, r1	; 0x01
     dc2:	10 82       	st	Z, r1
			llista_q3[mov_index_q3].passos = 3384;
     dc4:	80 91 85 02 	lds	r24, 0x0285	; 0x800285 <mov_index_q3>
     dc8:	28 2f       	mov	r18, r24
     dca:	30 e0       	ldi	r19, 0x00	; 0
     dcc:	c9 01       	movw	r24, r18
     dce:	88 0f       	add	r24, r24
     dd0:	99 1f       	adc	r25, r25
     dd2:	82 0f       	add	r24, r18
     dd4:	93 1f       	adc	r25, r19
     dd6:	88 0f       	add	r24, r24
     dd8:	99 1f       	adc	r25, r25
     dda:	88 0f       	add	r24, r24
     ddc:	99 1f       	adc	r25, r25
     dde:	8b 5b       	subi	r24, 0xBB	; 187
     de0:	9e 4f       	sbci	r25, 0xFE	; 254
     de2:	28 e3       	ldi	r18, 0x38	; 56
     de4:	3d e0       	ldi	r19, 0x0D	; 13
     de6:	fc 01       	movw	r30, r24
     de8:	31 83       	std	Z+1, r19	; 0x01
     dea:	20 83       	st	Z, r18
			PCMSK0 &= ~(1 << PCINT4);  // Deshabilita interrupció a PB4
     dec:	8b e6       	ldi	r24, 0x6B	; 107
     dee:	90 e0       	ldi	r25, 0x00	; 0
     df0:	2b e6       	ldi	r18, 0x6B	; 107
     df2:	30 e0       	ldi	r19, 0x00	; 0
     df4:	f9 01       	movw	r30, r18
     df6:	20 81       	ld	r18, Z
     df8:	2f 7e       	andi	r18, 0xEF	; 239
     dfa:	fc 01       	movw	r30, r24
     dfc:	20 83       	st	Z, r18
			HM_Q3 = 0;
     dfe:	10 92 b6 01 	sts	0x01B6, r1	; 0x8001b6 <HM_Q3>
			break;
     e02:	25 c0       	rjmp	.+74     	; 0xe4e <homing_q3+0x132>

			case 3:		// Home q3 acabat
			TIMSK3 &= ~(1 << OCIE3A);	// Timer3 INT OFF
     e04:	81 e7       	ldi	r24, 0x71	; 113
     e06:	90 e0       	ldi	r25, 0x00	; 0
     e08:	21 e7       	ldi	r18, 0x71	; 113
     e0a:	30 e0       	ldi	r19, 0x00	; 0
     e0c:	f9 01       	movw	r30, r18
     e0e:	20 81       	ld	r18, Z
     e10:	2d 7f       	andi	r18, 0xFD	; 253
     e12:	fc 01       	movw	r30, r24
     e14:	20 83       	st	Z, r18
			TCCR3A &= ~(1 << COM3A1);	// PWM OFF
     e16:	80 e9       	ldi	r24, 0x90	; 144
     e18:	90 e0       	ldi	r25, 0x00	; 0
     e1a:	20 e9       	ldi	r18, 0x90	; 144
     e1c:	30 e0       	ldi	r19, 0x00	; 0
     e1e:	f9 01       	movw	r30, r18
     e20:	20 81       	ld	r18, Z
     e22:	2f 77       	andi	r18, 0x7F	; 127
     e24:	fc 01       	movw	r30, r24
     e26:	20 83       	st	Z, r18
			PCMSK0 |= (1 << PCINT4);	// Habilita interrupció a PB4
     e28:	8b e6       	ldi	r24, 0x6B	; 107
     e2a:	90 e0       	ldi	r25, 0x00	; 0
     e2c:	2b e6       	ldi	r18, 0x6B	; 107
     e2e:	30 e0       	ldi	r19, 0x00	; 0
     e30:	f9 01       	movw	r30, r18
     e32:	20 81       	ld	r18, Z
     e34:	20 61       	ori	r18, 0x10	; 16
     e36:	fc 01       	movw	r30, r24
     e38:	20 83       	st	Z, r18
			ACABAT_Q3 = 1;
     e3a:	81 e0       	ldi	r24, 0x01	; 1
     e3c:	80 93 87 02 	sts	0x0287, r24	; 0x800287 <ACABAT_Q3>
//			PORTD |= (1 << EN_q3);
			MOV_Q3 = 0;
     e40:	10 92 86 02 	sts	0x0286, r1	; 0x800286 <MOV_Q3>
			step_count_q3 = 0;
     e44:	10 92 84 02 	sts	0x0284, r1	; 0x800284 <step_count_q3+0x1>
     e48:	10 92 83 02 	sts	0x0283, r1	; 0x800283 <step_count_q3>
			break;
     e4c:	00 00       	nop



void homing_q3(void) {
	
	while (!ACABAT_Q3) {
     e4e:	80 91 87 02 	lds	r24, 0x0287	; 0x800287 <ACABAT_Q3>
     e52:	88 23       	and	r24, r24
     e54:	09 f4       	brne	.+2      	; 0xe58 <homing_q3+0x13c>
     e56:	67 cf       	rjmp	.-306    	; 0xd26 <homing_q3+0xa>
			MOV_Q3 = 0;
			step_count_q3 = 0;
			break;
		}
	}
}
     e58:	00 00       	nop
     e5a:	df 91       	pop	r29
     e5c:	cf 91       	pop	r28
     e5e:	08 95       	ret

00000e60 <usart1_init>:
#include "USART.h"




void usart1_init(void) {
     e60:	cf 93       	push	r28
     e62:	df 93       	push	r29
     e64:	cd b7       	in	r28, 0x3d	; 61
     e66:	de b7       	in	r29, 0x3e	; 62
	UBRR1H = (uint8_t)(UBRR1_VAL >> 8);
     e68:	8d ec       	ldi	r24, 0xCD	; 205
     e6a:	90 e0       	ldi	r25, 0x00	; 0
     e6c:	fc 01       	movw	r30, r24
     e6e:	10 82       	st	Z, r1
	UBRR1L = (uint8_t)(UBRR1_VAL & 0xFF);
     e70:	8c ec       	ldi	r24, 0xCC	; 204
     e72:	90 e0       	ldi	r25, 0x00	; 0
     e74:	27 e6       	ldi	r18, 0x67	; 103
     e76:	fc 01       	movw	r30, r24
     e78:	20 83       	st	Z, r18
	UCSR1B = (1 << RXEN1) | (1 << TXEN1);
     e7a:	89 ec       	ldi	r24, 0xC9	; 201
     e7c:	90 e0       	ldi	r25, 0x00	; 0
     e7e:	28 e1       	ldi	r18, 0x18	; 24
     e80:	fc 01       	movw	r30, r24
     e82:	20 83       	st	Z, r18
	UCSR1C = (1 << UCSZ11) | (1 << UCSZ10); // 8N1
     e84:	8a ec       	ldi	r24, 0xCA	; 202
     e86:	90 e0       	ldi	r25, 0x00	; 0
     e88:	26 e0       	ldi	r18, 0x06	; 6
     e8a:	fc 01       	movw	r30, r24
     e8c:	20 83       	st	Z, r18
}
     e8e:	00 00       	nop
     e90:	df 91       	pop	r29
     e92:	cf 91       	pop	r28
     e94:	08 95       	ret

00000e96 <usart1_lligc>:

uint8_t usart1_lligc(void) {
     e96:	cf 93       	push	r28
     e98:	df 93       	push	r29
     e9a:	cd b7       	in	r28, 0x3d	; 61
     e9c:	de b7       	in	r29, 0x3e	; 62
	while (!(UCSR1A & (1 << RXC1)));
     e9e:	00 00       	nop
     ea0:	88 ec       	ldi	r24, 0xC8	; 200
     ea2:	90 e0       	ldi	r25, 0x00	; 0
     ea4:	fc 01       	movw	r30, r24
     ea6:	80 81       	ld	r24, Z
     ea8:	88 23       	and	r24, r24
     eaa:	d4 f7       	brge	.-12     	; 0xea0 <usart1_lligc+0xa>
	return UDR1;
     eac:	8e ec       	ldi	r24, 0xCE	; 206
     eae:	90 e0       	ldi	r25, 0x00	; 0
     eb0:	fc 01       	movw	r30, r24
     eb2:	80 81       	ld	r24, Z
}
     eb4:	df 91       	pop	r29
     eb6:	cf 91       	pop	r28
     eb8:	08 95       	ret

00000eba <usart1_enviac>:

void usart1_enviac(uint8_t c) {
     eba:	cf 93       	push	r28
     ebc:	df 93       	push	r29
     ebe:	1f 92       	push	r1
     ec0:	cd b7       	in	r28, 0x3d	; 61
     ec2:	de b7       	in	r29, 0x3e	; 62
     ec4:	89 83       	std	Y+1, r24	; 0x01
	while (!(UCSR1A & (1 << UDRE1)));
     ec6:	00 00       	nop
     ec8:	88 ec       	ldi	r24, 0xC8	; 200
     eca:	90 e0       	ldi	r25, 0x00	; 0
     ecc:	fc 01       	movw	r30, r24
     ece:	80 81       	ld	r24, Z
     ed0:	88 2f       	mov	r24, r24
     ed2:	90 e0       	ldi	r25, 0x00	; 0
     ed4:	80 72       	andi	r24, 0x20	; 32
     ed6:	99 27       	eor	r25, r25
     ed8:	89 2b       	or	r24, r25
     eda:	b1 f3       	breq	.-20     	; 0xec8 <usart1_enviac+0xe>
	UDR1 = c;
     edc:	8e ec       	ldi	r24, 0xCE	; 206
     ede:	90 e0       	ldi	r25, 0x00	; 0
     ee0:	29 81       	ldd	r18, Y+1	; 0x01
     ee2:	fc 01       	movw	r30, r24
     ee4:	20 83       	st	Z, r18
}
     ee6:	00 00       	nop
     ee8:	0f 90       	pop	r0
     eea:	df 91       	pop	r29
     eec:	cf 91       	pop	r28
     eee:	08 95       	ret

00000ef0 <usart1_envias>:

void usart1_envias(const char* s) {
     ef0:	cf 93       	push	r28
     ef2:	df 93       	push	r29
     ef4:	00 d0       	rcall	.+0      	; 0xef6 <usart1_envias+0x6>
     ef6:	cd b7       	in	r28, 0x3d	; 61
     ef8:	de b7       	in	r29, 0x3e	; 62
     efa:	9a 83       	std	Y+2, r25	; 0x02
     efc:	89 83       	std	Y+1, r24	; 0x01
	while (*s) {
     efe:	14 c0       	rjmp	.+40     	; 0xf28 <usart1_envias+0x38>
		if (*s == '\n') usart1_enviac('\r');
     f00:	89 81       	ldd	r24, Y+1	; 0x01
     f02:	9a 81       	ldd	r25, Y+2	; 0x02
     f04:	fc 01       	movw	r30, r24
     f06:	80 81       	ld	r24, Z
     f08:	8a 30       	cpi	r24, 0x0A	; 10
     f0a:	19 f4       	brne	.+6      	; 0xf12 <usart1_envias+0x22>
     f0c:	8d e0       	ldi	r24, 0x0D	; 13
     f0e:	0e 94 5d 07 	call	0xeba	; 0xeba <usart1_enviac>
		usart1_enviac(*s++);
     f12:	89 81       	ldd	r24, Y+1	; 0x01
     f14:	9a 81       	ldd	r25, Y+2	; 0x02
     f16:	9c 01       	movw	r18, r24
     f18:	2f 5f       	subi	r18, 0xFF	; 255
     f1a:	3f 4f       	sbci	r19, 0xFF	; 255
     f1c:	3a 83       	std	Y+2, r19	; 0x02
     f1e:	29 83       	std	Y+1, r18	; 0x01
     f20:	fc 01       	movw	r30, r24
     f22:	80 81       	ld	r24, Z
     f24:	0e 94 5d 07 	call	0xeba	; 0xeba <usart1_enviac>
	while (!(UCSR1A & (1 << UDRE1)));
	UDR1 = c;
}

void usart1_envias(const char* s) {
	while (*s) {
     f28:	89 81       	ldd	r24, Y+1	; 0x01
     f2a:	9a 81       	ldd	r25, Y+2	; 0x02
     f2c:	fc 01       	movw	r30, r24
     f2e:	80 81       	ld	r24, Z
     f30:	88 23       	and	r24, r24
     f32:	31 f7       	brne	.-52     	; 0xf00 <usart1_envias+0x10>
		if (*s == '\n') usart1_enviac('\r');
		usart1_enviac(*s++);
	}
}
     f34:	00 00       	nop
     f36:	0f 90       	pop	r0
     f38:	0f 90       	pop	r0
     f3a:	df 91       	pop	r29
     f3c:	cf 91       	pop	r28
     f3e:	08 95       	ret

00000f40 <uart1_lligs>:

int uart1_lligs(char *buf, int maxlen) {
     f40:	cf 93       	push	r28
     f42:	df 93       	push	r29
     f44:	cd b7       	in	r28, 0x3d	; 61
     f46:	de b7       	in	r29, 0x3e	; 62
     f48:	27 97       	sbiw	r28, 0x07	; 7
     f4a:	0f b6       	in	r0, 0x3f	; 63
     f4c:	f8 94       	cli
     f4e:	de bf       	out	0x3e, r29	; 62
     f50:	0f be       	out	0x3f, r0	; 63
     f52:	cd bf       	out	0x3d, r28	; 61
     f54:	9d 83       	std	Y+5, r25	; 0x05
     f56:	8c 83       	std	Y+4, r24	; 0x04
     f58:	7f 83       	std	Y+7, r23	; 0x07
     f5a:	6e 83       	std	Y+6, r22	; 0x06
	int i = 0;
     f5c:	1a 82       	std	Y+2, r1	; 0x02
     f5e:	19 82       	std	Y+1, r1	; 0x01
	while (1) {
		uint8_t c = usart1_lligc();
     f60:	0e 94 4b 07 	call	0xe96	; 0xe96 <usart1_lligc>
     f64:	8b 83       	std	Y+3, r24	; 0x03
		//usart1_enviac(c);

		if (c == '\r' || c == '\n') {
     f66:	8b 81       	ldd	r24, Y+3	; 0x03
     f68:	8d 30       	cpi	r24, 0x0D	; 13
     f6a:	19 f0       	breq	.+6      	; 0xf72 <uart1_lligs+0x32>
     f6c:	8b 81       	ldd	r24, Y+3	; 0x03
     f6e:	8a 30       	cpi	r24, 0x0A	; 10
     f70:	59 f4       	brne	.+22     	; 0xf88 <uart1_lligs+0x48>
			buf[i] = '\0';         // final de cadena
     f72:	89 81       	ldd	r24, Y+1	; 0x01
     f74:	9a 81       	ldd	r25, Y+2	; 0x02
     f76:	2c 81       	ldd	r18, Y+4	; 0x04
     f78:	3d 81       	ldd	r19, Y+5	; 0x05
     f7a:	82 0f       	add	r24, r18
     f7c:	93 1f       	adc	r25, r19
     f7e:	fc 01       	movw	r30, r24
     f80:	10 82       	st	Z, r1
			return i;              // retorna longitud
     f82:	89 81       	ldd	r24, Y+1	; 0x01
     f84:	9a 81       	ldd	r25, Y+2	; 0x02
     f86:	1a c0       	rjmp	.+52     	; 0xfbc <uart1_lligs+0x7c>
		}
		if (i < maxlen - 1) {
     f88:	8e 81       	ldd	r24, Y+6	; 0x06
     f8a:	9f 81       	ldd	r25, Y+7	; 0x07
     f8c:	9c 01       	movw	r18, r24
     f8e:	21 50       	subi	r18, 0x01	; 1
     f90:	31 09       	sbc	r19, r1
     f92:	89 81       	ldd	r24, Y+1	; 0x01
     f94:	9a 81       	ldd	r25, Y+2	; 0x02
     f96:	82 17       	cp	r24, r18
     f98:	93 07       	cpc	r25, r19
     f9a:	14 f7       	brge	.-60     	; 0xf60 <uart1_lligs+0x20>
			buf[i++] = (char)c;
     f9c:	89 81       	ldd	r24, Y+1	; 0x01
     f9e:	9a 81       	ldd	r25, Y+2	; 0x02
     fa0:	9c 01       	movw	r18, r24
     fa2:	2f 5f       	subi	r18, 0xFF	; 255
     fa4:	3f 4f       	sbci	r19, 0xFF	; 255
     fa6:	3a 83       	std	Y+2, r19	; 0x02
     fa8:	29 83       	std	Y+1, r18	; 0x01
     faa:	9c 01       	movw	r18, r24
     fac:	8c 81       	ldd	r24, Y+4	; 0x04
     fae:	9d 81       	ldd	r25, Y+5	; 0x05
     fb0:	82 0f       	add	r24, r18
     fb2:	93 1f       	adc	r25, r19
     fb4:	2b 81       	ldd	r18, Y+3	; 0x03
     fb6:	fc 01       	movw	r30, r24
     fb8:	20 83       	st	Z, r18
		}
	}
     fba:	d2 cf       	rjmp	.-92     	; 0xf60 <uart1_lligs+0x20>
     fbc:	27 96       	adiw	r28, 0x07	; 7
     fbe:	0f b6       	in	r0, 0x3f	; 63
     fc0:	f8 94       	cli
     fc2:	de bf       	out	0x3e, r29	; 62
     fc4:	0f be       	out	0x3f, r0	; 63
     fc6:	cd bf       	out	0x3d, r28	; 61
     fc8:	df 91       	pop	r29
     fca:	cf 91       	pop	r28
     fcc:	08 95       	ret

00000fce <main>:
char buffer[128];
char c;
uint8_t val = 5;


int main(void) {
     fce:	cf 93       	push	r28
     fd0:	df 93       	push	r29
     fd2:	cd b7       	in	r28, 0x3d	; 61
     fd4:	de b7       	in	r29, 0x3e	; 62
     fd6:	2e 97       	sbiw	r28, 0x0e	; 14
     fd8:	0f b6       	in	r0, 0x3f	; 63
     fda:	f8 94       	cli
     fdc:	de bf       	out	0x3e, r29	; 62
     fde:	0f be       	out	0x3f, r0	; 63
     fe0:	cd bf       	out	0x3d, r28	; 61
	// Precalcula els passos per cada moviment
	usart1_init();
     fe2:	0e 94 30 07 	call	0xe60	; 0xe60 <usart1_init>

	max_moves = calcula_passos_moviments_q2(llista_q2);
     fe6:	81 e0       	ldi	r24, 0x01	; 1
     fe8:	91 e0       	ldi	r25, 0x01	; 1
     fea:	0e 94 aa 03 	call	0x754	; 0x754 <calcula_passos_moviments_q2>
     fee:	80 93 0a 03 	sts	0x030A, r24	; 0x80030a <max_moves>
	calcula_passos_moviments_q3(llista_q3);
     ff2:	8d e3       	ldi	r24, 0x3D	; 61
     ff4:	91 e0       	ldi	r25, 0x01	; 1
     ff6:	0e 94 15 04 	call	0x82a	; 0x82a <calcula_passos_moviments_q3>
	calcula_passos_moviments_d1(llista_d1);
     ffa:	89 e7       	ldi	r24, 0x79	; 121
     ffc:	91 e0       	ldi	r25, 0x01	; 1
     ffe:	0e 94 80 04 	call	0x900	; 0x900 <calcula_passos_moviments_d1>
	
	usart1_envias("-------------ROBOT INIT-------------\r\n");
    1002:	87 eb       	ldi	r24, 0xB7	; 183
    1004:	91 e0       	ldi	r25, 0x01	; 1
    1006:	0e 94 78 07 	call	0xef0	; 0xef0 <usart1_envias>
	usart1_envias("---------------HOMING---------------\r\n");
    100a:	8e ed       	ldi	r24, 0xDE	; 222
    100c:	91 e0       	ldi	r25, 0x01	; 1
    100e:	0e 94 78 07 	call	0xef0	; 0xef0 <usart1_envias>
	setup_driver_q2();
    1012:	0e 94 73 01 	call	0x2e6	; 0x2e6 <setup_driver_q2>
	homing_q2();
    1016:	0e 94 44 05 	call	0xa88	; 0xa88 <homing_q2>
	usart1_envias("Q2 CHECK\r\n");
    101a:	85 e0       	ldi	r24, 0x05	; 5
    101c:	92 e0       	ldi	r25, 0x02	; 2
    101e:	0e 94 78 07 	call	0xef0	; 0xef0 <usart1_envias>
	setup_driver_q3();
    1022:	0e 94 00 02 	call	0x400	; 0x400 <setup_driver_q3>
	homing_q3();
    1026:	0e 94 8e 06 	call	0xd1c	; 0xd1c <homing_q3>
	usart1_envias("Q3 CHECK\r\n");
    102a:	80 e1       	ldi	r24, 0x10	; 16
    102c:	92 e0       	ldi	r25, 0x02	; 2
    102e:	0e 94 78 07 	call	0xef0	; 0xef0 <usart1_envias>
	setup_driver_d1();
    1032:	0e 94 8d 02 	call	0x51a	; 0x51a <setup_driver_d1>
	homing_d1();
    1036:	0e 94 d3 00 	call	0x1a6	; 0x1a6 <homing_d1>
	usart1_envias("D1 CHECK\r\n");
    103a:	8b e1       	ldi	r24, 0x1B	; 27
    103c:	92 e0       	ldi	r25, 0x02	; 2
    103e:	0e 94 78 07 	call	0xef0	; 0xef0 <usart1_envias>
    1042:	80 e0       	ldi	r24, 0x00	; 0
    1044:	90 e0       	ldi	r25, 0x00	; 0
    1046:	aa ef       	ldi	r26, 0xFA	; 250
    1048:	b4 e4       	ldi	r27, 0x44	; 68
    104a:	89 83       	std	Y+1, r24	; 0x01
    104c:	9a 83       	std	Y+2, r25	; 0x02
    104e:	ab 83       	std	Y+3, r26	; 0x03
    1050:	bc 83       	std	Y+4, r27	; 0x04

	__builtin_avr_delay_cycles(__ticks_dc);

#else
	uint16_t __ticks;
	__tmp = ((F_CPU) / 4e3) * __ms;
    1052:	20 e0       	ldi	r18, 0x00	; 0
    1054:	30 e0       	ldi	r19, 0x00	; 0
    1056:	4a e7       	ldi	r20, 0x7A	; 122
    1058:	55 e4       	ldi	r21, 0x45	; 69
    105a:	69 81       	ldd	r22, Y+1	; 0x01
    105c:	7a 81       	ldd	r23, Y+2	; 0x02
    105e:	8b 81       	ldd	r24, Y+3	; 0x03
    1060:	9c 81       	ldd	r25, Y+4	; 0x04
    1062:	0e 94 dd 09 	call	0x13ba	; 0x13ba <__mulsf3>
    1066:	dc 01       	movw	r26, r24
    1068:	cb 01       	movw	r24, r22
    106a:	8d 83       	std	Y+5, r24	; 0x05
    106c:	9e 83       	std	Y+6, r25	; 0x06
    106e:	af 83       	std	Y+7, r26	; 0x07
    1070:	b8 87       	std	Y+8, r27	; 0x08
	if (__tmp < 1.0)
    1072:	20 e0       	ldi	r18, 0x00	; 0
    1074:	30 e0       	ldi	r19, 0x00	; 0
    1076:	40 e8       	ldi	r20, 0x80	; 128
    1078:	5f e3       	ldi	r21, 0x3F	; 63
    107a:	6d 81       	ldd	r22, Y+5	; 0x05
    107c:	7e 81       	ldd	r23, Y+6	; 0x06
    107e:	8f 81       	ldd	r24, Y+7	; 0x07
    1080:	98 85       	ldd	r25, Y+8	; 0x08
    1082:	0e 94 b6 08 	call	0x116c	; 0x116c <__cmpsf2>
    1086:	88 23       	and	r24, r24
    1088:	2c f4       	brge	.+10     	; 0x1094 <main+0xc6>
		__ticks = 1;
    108a:	81 e0       	ldi	r24, 0x01	; 1
    108c:	90 e0       	ldi	r25, 0x00	; 0
    108e:	9a 87       	std	Y+10, r25	; 0x0a
    1090:	89 87       	std	Y+9, r24	; 0x09
    1092:	3f c0       	rjmp	.+126    	; 0x1112 <main+0x144>
	else if (__tmp > 65535)
    1094:	20 e0       	ldi	r18, 0x00	; 0
    1096:	3f ef       	ldi	r19, 0xFF	; 255
    1098:	4f e7       	ldi	r20, 0x7F	; 127
    109a:	57 e4       	ldi	r21, 0x47	; 71
    109c:	6d 81       	ldd	r22, Y+5	; 0x05
    109e:	7e 81       	ldd	r23, Y+6	; 0x06
    10a0:	8f 81       	ldd	r24, Y+7	; 0x07
    10a2:	98 85       	ldd	r25, Y+8	; 0x08
    10a4:	0e 94 d8 09 	call	0x13b0	; 0x13b0 <__gesf2>
    10a8:	18 16       	cp	r1, r24
    10aa:	4c f5       	brge	.+82     	; 0x10fe <main+0x130>
	{
		//	__ticks = requested delay in 1/10 ms
		__ticks = (uint16_t) (__ms * 10.0);
    10ac:	20 e0       	ldi	r18, 0x00	; 0
    10ae:	30 e0       	ldi	r19, 0x00	; 0
    10b0:	40 e2       	ldi	r20, 0x20	; 32
    10b2:	51 e4       	ldi	r21, 0x41	; 65
    10b4:	69 81       	ldd	r22, Y+1	; 0x01
    10b6:	7a 81       	ldd	r23, Y+2	; 0x02
    10b8:	8b 81       	ldd	r24, Y+3	; 0x03
    10ba:	9c 81       	ldd	r25, Y+4	; 0x04
    10bc:	0e 94 dd 09 	call	0x13ba	; 0x13ba <__mulsf3>
    10c0:	dc 01       	movw	r26, r24
    10c2:	cb 01       	movw	r24, r22
    10c4:	bc 01       	movw	r22, r24
    10c6:	cd 01       	movw	r24, r26
    10c8:	0e 94 34 09 	call	0x1268	; 0x1268 <__fixunssfsi>
    10cc:	dc 01       	movw	r26, r24
    10ce:	cb 01       	movw	r24, r22
    10d0:	9a 87       	std	Y+10, r25	; 0x0a
    10d2:	89 87       	std	Y+9, r24	; 0x09
    10d4:	0f c0       	rjmp	.+30     	; 0x10f4 <main+0x126>
    10d6:	80 e9       	ldi	r24, 0x90	; 144
    10d8:	91 e0       	ldi	r25, 0x01	; 1
    10da:	9c 87       	std	Y+12, r25	; 0x0c
    10dc:	8b 87       	std	Y+11, r24	; 0x0b
    milliseconds can be achieved.
 */
void
_delay_loop_2(uint16_t __count)
{
	__asm__ volatile (
    10de:	8b 85       	ldd	r24, Y+11	; 0x0b
    10e0:	9c 85       	ldd	r25, Y+12	; 0x0c
    10e2:	01 97       	sbiw	r24, 0x01	; 1
    10e4:	f1 f7       	brne	.-4      	; 0x10e2 <main+0x114>
    10e6:	9c 87       	std	Y+12, r25	; 0x0c
    10e8:	8b 87       	std	Y+11, r24	; 0x0b
		while(__ticks)
		{
			// wait 1/10 ms
			_delay_loop_2(((F_CPU) / 4e3) / 10);
			__ticks --;
    10ea:	89 85       	ldd	r24, Y+9	; 0x09
    10ec:	9a 85       	ldd	r25, Y+10	; 0x0a
    10ee:	01 97       	sbiw	r24, 0x01	; 1
    10f0:	9a 87       	std	Y+10, r25	; 0x0a
    10f2:	89 87       	std	Y+9, r24	; 0x09
		__ticks = 1;
	else if (__tmp > 65535)
	{
		//	__ticks = requested delay in 1/10 ms
		__ticks = (uint16_t) (__ms * 10.0);
		while(__ticks)
    10f4:	89 85       	ldd	r24, Y+9	; 0x09
    10f6:	9a 85       	ldd	r25, Y+10	; 0x0a
    10f8:	89 2b       	or	r24, r25
    10fa:	69 f7       	brne	.-38     	; 0x10d6 <main+0x108>
    10fc:	14 c0       	rjmp	.+40     	; 0x1126 <main+0x158>
			__ticks --;
		}
		return;
	}
	else
		__ticks = (uint16_t)__tmp;
    10fe:	6d 81       	ldd	r22, Y+5	; 0x05
    1100:	7e 81       	ldd	r23, Y+6	; 0x06
    1102:	8f 81       	ldd	r24, Y+7	; 0x07
    1104:	98 85       	ldd	r25, Y+8	; 0x08
    1106:	0e 94 34 09 	call	0x1268	; 0x1268 <__fixunssfsi>
    110a:	dc 01       	movw	r26, r24
    110c:	cb 01       	movw	r24, r22
    110e:	9a 87       	std	Y+10, r25	; 0x0a
    1110:	89 87       	std	Y+9, r24	; 0x09
    1112:	89 85       	ldd	r24, Y+9	; 0x09
    1114:	9a 85       	ldd	r25, Y+10	; 0x0a
    1116:	9e 87       	std	Y+14, r25	; 0x0e
    1118:	8d 87       	std	Y+13, r24	; 0x0d
    111a:	8d 85       	ldd	r24, Y+13	; 0x0d
    111c:	9e 85       	ldd	r25, Y+14	; 0x0e
    111e:	01 97       	sbiw	r24, 0x01	; 1
    1120:	f1 f7       	brne	.-4      	; 0x111e <main+0x150>
    1122:	9e 87       	std	Y+14, r25	; 0x0e
    1124:	8d 87       	std	Y+13, r24	; 0x0d
	_delay_ms(2000);
	usart1_envias("PRESS \"ENTER\" TO INITIALIZE MOV\r\n");
    1126:	86 e2       	ldi	r24, 0x26	; 38
    1128:	92 e0       	ldi	r25, 0x02	; 2
    112a:	0e 94 78 07 	call	0xef0	; 0xef0 <usart1_envias>
	uart1_lligs(buffer,sizeof(buffer));
    112e:	60 e8       	ldi	r22, 0x80	; 128
    1130:	70 e0       	ldi	r23, 0x00	; 0
    1132:	89 e8       	ldi	r24, 0x89	; 137
    1134:	92 e0       	ldi	r25, 0x02	; 2
    1136:	0e 94 a0 07 	call	0xf40	; 0xf40 <uart1_lligs>
	usart1_envias("---------------INITIALAIZING---------------\r\n");
    113a:	88 e4       	ldi	r24, 0x48	; 72
    113c:	92 e0       	ldi	r25, 0x02	; 2
    113e:	0e 94 78 07 	call	0xef0	; 0xef0 <usart1_envias>
// 	max_moves = calcula_passos_moviments_q3(llista_q3);
// 	calcula_passos_moviments_q2(llista_q2);
	setup_driver_q2();
    1142:	0e 94 73 01 	call	0x2e6	; 0x2e6 <setup_driver_q2>
	setup_driver_q3();
    1146:	0e 94 00 02 	call	0x400	; 0x400 <setup_driver_q3>
	setup_driver_d1();
    114a:	0e 94 8d 02 	call	0x51a	; 0x51a <setup_driver_d1>

	while (1) {
		uart1_lligs(buffer,sizeof(buffer));
    114e:	60 e8       	ldi	r22, 0x80	; 128
    1150:	70 e0       	ldi	r23, 0x00	; 0
    1152:	89 e8       	ldi	r24, 0x89	; 137
    1154:	92 e0       	ldi	r25, 0x02	; 2
    1156:	0e 94 a0 07 	call	0xf40	; 0xf40 <uart1_lligs>
		//usart1_envias("\r\nHas escrit:\r\n");
		usart1_envias(buffer);
    115a:	89 e8       	ldi	r24, 0x89	; 137
    115c:	92 e0       	ldi	r25, 0x02	; 2
    115e:	0e 94 78 07 	call	0xef0	; 0xef0 <usart1_envias>
		usart1_envias("\r");
    1162:	86 e7       	ldi	r24, 0x76	; 118
    1164:	92 e0       	ldi	r25, 0x02	; 2
    1166:	0e 94 78 07 	call	0xef0	; 0xef0 <usart1_envias>
//	  	moviment();
// 		moviment_loop_q3();

	}
    116a:	f1 cf       	rjmp	.-30     	; 0x114e <main+0x180>

0000116c <__cmpsf2>:
    116c:	0e 94 63 09 	call	0x12c6	; 0x12c6 <__fp_cmp>
    1170:	08 f4       	brcc	.+2      	; 0x1174 <__cmpsf2+0x8>
    1172:	81 e0       	ldi	r24, 0x01	; 1
    1174:	08 95       	ret

00001176 <__divsf3>:
    1176:	0e 94 cf 08 	call	0x119e	; 0x119e <__divsf3x>
    117a:	0c 94 9e 09 	jmp	0x133c	; 0x133c <__fp_round>
    117e:	0e 94 97 09 	call	0x132e	; 0x132e <__fp_pscB>
    1182:	58 f0       	brcs	.+22     	; 0x119a <__divsf3+0x24>
    1184:	0e 94 90 09 	call	0x1320	; 0x1320 <__fp_pscA>
    1188:	40 f0       	brcs	.+16     	; 0x119a <__divsf3+0x24>
    118a:	29 f4       	brne	.+10     	; 0x1196 <__divsf3+0x20>
    118c:	5f 3f       	cpi	r21, 0xFF	; 255
    118e:	29 f0       	breq	.+10     	; 0x119a <__divsf3+0x24>
    1190:	0c 94 87 09 	jmp	0x130e	; 0x130e <__fp_inf>
    1194:	51 11       	cpse	r21, r1
    1196:	0c 94 d2 09 	jmp	0x13a4	; 0x13a4 <__fp_szero>
    119a:	0c 94 8d 09 	jmp	0x131a	; 0x131a <__fp_nan>

0000119e <__divsf3x>:
    119e:	0e 94 af 09 	call	0x135e	; 0x135e <__fp_split3>
    11a2:	68 f3       	brcs	.-38     	; 0x117e <__divsf3+0x8>

000011a4 <__divsf3_pse>:
    11a4:	99 23       	and	r25, r25
    11a6:	b1 f3       	breq	.-20     	; 0x1194 <__divsf3+0x1e>
    11a8:	55 23       	and	r21, r21
    11aa:	91 f3       	breq	.-28     	; 0x1190 <__divsf3+0x1a>
    11ac:	95 1b       	sub	r25, r21
    11ae:	55 0b       	sbc	r21, r21
    11b0:	bb 27       	eor	r27, r27
    11b2:	aa 27       	eor	r26, r26
    11b4:	62 17       	cp	r22, r18
    11b6:	73 07       	cpc	r23, r19
    11b8:	84 07       	cpc	r24, r20
    11ba:	38 f0       	brcs	.+14     	; 0x11ca <__divsf3_pse+0x26>
    11bc:	9f 5f       	subi	r25, 0xFF	; 255
    11be:	5f 4f       	sbci	r21, 0xFF	; 255
    11c0:	22 0f       	add	r18, r18
    11c2:	33 1f       	adc	r19, r19
    11c4:	44 1f       	adc	r20, r20
    11c6:	aa 1f       	adc	r26, r26
    11c8:	a9 f3       	breq	.-22     	; 0x11b4 <__divsf3_pse+0x10>
    11ca:	35 d0       	rcall	.+106    	; 0x1236 <__divsf3_pse+0x92>
    11cc:	0e 2e       	mov	r0, r30
    11ce:	3a f0       	brmi	.+14     	; 0x11de <__divsf3_pse+0x3a>
    11d0:	e0 e8       	ldi	r30, 0x80	; 128
    11d2:	32 d0       	rcall	.+100    	; 0x1238 <__divsf3_pse+0x94>
    11d4:	91 50       	subi	r25, 0x01	; 1
    11d6:	50 40       	sbci	r21, 0x00	; 0
    11d8:	e6 95       	lsr	r30
    11da:	00 1c       	adc	r0, r0
    11dc:	ca f7       	brpl	.-14     	; 0x11d0 <__divsf3_pse+0x2c>
    11de:	2b d0       	rcall	.+86     	; 0x1236 <__divsf3_pse+0x92>
    11e0:	fe 2f       	mov	r31, r30
    11e2:	29 d0       	rcall	.+82     	; 0x1236 <__divsf3_pse+0x92>
    11e4:	66 0f       	add	r22, r22
    11e6:	77 1f       	adc	r23, r23
    11e8:	88 1f       	adc	r24, r24
    11ea:	bb 1f       	adc	r27, r27
    11ec:	26 17       	cp	r18, r22
    11ee:	37 07       	cpc	r19, r23
    11f0:	48 07       	cpc	r20, r24
    11f2:	ab 07       	cpc	r26, r27
    11f4:	b0 e8       	ldi	r27, 0x80	; 128
    11f6:	09 f0       	breq	.+2      	; 0x11fa <__divsf3_pse+0x56>
    11f8:	bb 0b       	sbc	r27, r27
    11fa:	80 2d       	mov	r24, r0
    11fc:	bf 01       	movw	r22, r30
    11fe:	ff 27       	eor	r31, r31
    1200:	93 58       	subi	r25, 0x83	; 131
    1202:	5f 4f       	sbci	r21, 0xFF	; 255
    1204:	3a f0       	brmi	.+14     	; 0x1214 <__divsf3_pse+0x70>
    1206:	9e 3f       	cpi	r25, 0xFE	; 254
    1208:	51 05       	cpc	r21, r1
    120a:	78 f0       	brcs	.+30     	; 0x122a <__divsf3_pse+0x86>
    120c:	0c 94 87 09 	jmp	0x130e	; 0x130e <__fp_inf>
    1210:	0c 94 d2 09 	jmp	0x13a4	; 0x13a4 <__fp_szero>
    1214:	5f 3f       	cpi	r21, 0xFF	; 255
    1216:	e4 f3       	brlt	.-8      	; 0x1210 <__divsf3_pse+0x6c>
    1218:	98 3e       	cpi	r25, 0xE8	; 232
    121a:	d4 f3       	brlt	.-12     	; 0x1210 <__divsf3_pse+0x6c>
    121c:	86 95       	lsr	r24
    121e:	77 95       	ror	r23
    1220:	67 95       	ror	r22
    1222:	b7 95       	ror	r27
    1224:	f7 95       	ror	r31
    1226:	9f 5f       	subi	r25, 0xFF	; 255
    1228:	c9 f7       	brne	.-14     	; 0x121c <__divsf3_pse+0x78>
    122a:	88 0f       	add	r24, r24
    122c:	91 1d       	adc	r25, r1
    122e:	96 95       	lsr	r25
    1230:	87 95       	ror	r24
    1232:	97 f9       	bld	r25, 7
    1234:	08 95       	ret
    1236:	e1 e0       	ldi	r30, 0x01	; 1
    1238:	66 0f       	add	r22, r22
    123a:	77 1f       	adc	r23, r23
    123c:	88 1f       	adc	r24, r24
    123e:	bb 1f       	adc	r27, r27
    1240:	62 17       	cp	r22, r18
    1242:	73 07       	cpc	r23, r19
    1244:	84 07       	cpc	r24, r20
    1246:	ba 07       	cpc	r27, r26
    1248:	20 f0       	brcs	.+8      	; 0x1252 <__divsf3_pse+0xae>
    124a:	62 1b       	sub	r22, r18
    124c:	73 0b       	sbc	r23, r19
    124e:	84 0b       	sbc	r24, r20
    1250:	ba 0b       	sbc	r27, r26
    1252:	ee 1f       	adc	r30, r30
    1254:	88 f7       	brcc	.-30     	; 0x1238 <__divsf3_pse+0x94>
    1256:	e0 95       	com	r30
    1258:	08 95       	ret

0000125a <__fixsfsi>:
    125a:	0e 94 34 09 	call	0x1268	; 0x1268 <__fixunssfsi>
    125e:	68 94       	set
    1260:	b1 11       	cpse	r27, r1
    1262:	0c 94 d2 09 	jmp	0x13a4	; 0x13a4 <__fp_szero>
    1266:	08 95       	ret

00001268 <__fixunssfsi>:
    1268:	0e 94 b7 09 	call	0x136e	; 0x136e <__fp_splitA>
    126c:	88 f0       	brcs	.+34     	; 0x1290 <__fixunssfsi+0x28>
    126e:	9f 57       	subi	r25, 0x7F	; 127
    1270:	98 f0       	brcs	.+38     	; 0x1298 <__fixunssfsi+0x30>
    1272:	b9 2f       	mov	r27, r25
    1274:	99 27       	eor	r25, r25
    1276:	b7 51       	subi	r27, 0x17	; 23
    1278:	b0 f0       	brcs	.+44     	; 0x12a6 <__fixunssfsi+0x3e>
    127a:	e1 f0       	breq	.+56     	; 0x12b4 <__fixunssfsi+0x4c>
    127c:	66 0f       	add	r22, r22
    127e:	77 1f       	adc	r23, r23
    1280:	88 1f       	adc	r24, r24
    1282:	99 1f       	adc	r25, r25
    1284:	1a f0       	brmi	.+6      	; 0x128c <__fixunssfsi+0x24>
    1286:	ba 95       	dec	r27
    1288:	c9 f7       	brne	.-14     	; 0x127c <__fixunssfsi+0x14>
    128a:	14 c0       	rjmp	.+40     	; 0x12b4 <__fixunssfsi+0x4c>
    128c:	b1 30       	cpi	r27, 0x01	; 1
    128e:	91 f0       	breq	.+36     	; 0x12b4 <__fixunssfsi+0x4c>
    1290:	0e 94 d1 09 	call	0x13a2	; 0x13a2 <__fp_zero>
    1294:	b1 e0       	ldi	r27, 0x01	; 1
    1296:	08 95       	ret
    1298:	0c 94 d1 09 	jmp	0x13a2	; 0x13a2 <__fp_zero>
    129c:	67 2f       	mov	r22, r23
    129e:	78 2f       	mov	r23, r24
    12a0:	88 27       	eor	r24, r24
    12a2:	b8 5f       	subi	r27, 0xF8	; 248
    12a4:	39 f0       	breq	.+14     	; 0x12b4 <__fixunssfsi+0x4c>
    12a6:	b9 3f       	cpi	r27, 0xF9	; 249
    12a8:	cc f3       	brlt	.-14     	; 0x129c <__fixunssfsi+0x34>
    12aa:	86 95       	lsr	r24
    12ac:	77 95       	ror	r23
    12ae:	67 95       	ror	r22
    12b0:	b3 95       	inc	r27
    12b2:	d9 f7       	brne	.-10     	; 0x12aa <__fixunssfsi+0x42>
    12b4:	3e f4       	brtc	.+14     	; 0x12c4 <__fixunssfsi+0x5c>
    12b6:	90 95       	com	r25
    12b8:	80 95       	com	r24
    12ba:	70 95       	com	r23
    12bc:	61 95       	neg	r22
    12be:	7f 4f       	sbci	r23, 0xFF	; 255
    12c0:	8f 4f       	sbci	r24, 0xFF	; 255
    12c2:	9f 4f       	sbci	r25, 0xFF	; 255
    12c4:	08 95       	ret

000012c6 <__fp_cmp>:
    12c6:	99 0f       	add	r25, r25
    12c8:	00 08       	sbc	r0, r0
    12ca:	55 0f       	add	r21, r21
    12cc:	aa 0b       	sbc	r26, r26
    12ce:	e0 e8       	ldi	r30, 0x80	; 128
    12d0:	fe ef       	ldi	r31, 0xFE	; 254
    12d2:	16 16       	cp	r1, r22
    12d4:	17 06       	cpc	r1, r23
    12d6:	e8 07       	cpc	r30, r24
    12d8:	f9 07       	cpc	r31, r25
    12da:	c0 f0       	brcs	.+48     	; 0x130c <__fp_cmp+0x46>
    12dc:	12 16       	cp	r1, r18
    12de:	13 06       	cpc	r1, r19
    12e0:	e4 07       	cpc	r30, r20
    12e2:	f5 07       	cpc	r31, r21
    12e4:	98 f0       	brcs	.+38     	; 0x130c <__fp_cmp+0x46>
    12e6:	62 1b       	sub	r22, r18
    12e8:	73 0b       	sbc	r23, r19
    12ea:	84 0b       	sbc	r24, r20
    12ec:	95 0b       	sbc	r25, r21
    12ee:	39 f4       	brne	.+14     	; 0x12fe <__fp_cmp+0x38>
    12f0:	0a 26       	eor	r0, r26
    12f2:	61 f0       	breq	.+24     	; 0x130c <__fp_cmp+0x46>
    12f4:	23 2b       	or	r18, r19
    12f6:	24 2b       	or	r18, r20
    12f8:	25 2b       	or	r18, r21
    12fa:	21 f4       	brne	.+8      	; 0x1304 <__fp_cmp+0x3e>
    12fc:	08 95       	ret
    12fe:	0a 26       	eor	r0, r26
    1300:	09 f4       	brne	.+2      	; 0x1304 <__fp_cmp+0x3e>
    1302:	a1 40       	sbci	r26, 0x01	; 1
    1304:	a6 95       	lsr	r26
    1306:	8f ef       	ldi	r24, 0xFF	; 255
    1308:	81 1d       	adc	r24, r1
    130a:	81 1d       	adc	r24, r1
    130c:	08 95       	ret

0000130e <__fp_inf>:
    130e:	97 f9       	bld	r25, 7
    1310:	9f 67       	ori	r25, 0x7F	; 127
    1312:	80 e8       	ldi	r24, 0x80	; 128
    1314:	70 e0       	ldi	r23, 0x00	; 0
    1316:	60 e0       	ldi	r22, 0x00	; 0
    1318:	08 95       	ret

0000131a <__fp_nan>:
    131a:	9f ef       	ldi	r25, 0xFF	; 255
    131c:	80 ec       	ldi	r24, 0xC0	; 192
    131e:	08 95       	ret

00001320 <__fp_pscA>:
    1320:	00 24       	eor	r0, r0
    1322:	0a 94       	dec	r0
    1324:	16 16       	cp	r1, r22
    1326:	17 06       	cpc	r1, r23
    1328:	18 06       	cpc	r1, r24
    132a:	09 06       	cpc	r0, r25
    132c:	08 95       	ret

0000132e <__fp_pscB>:
    132e:	00 24       	eor	r0, r0
    1330:	0a 94       	dec	r0
    1332:	12 16       	cp	r1, r18
    1334:	13 06       	cpc	r1, r19
    1336:	14 06       	cpc	r1, r20
    1338:	05 06       	cpc	r0, r21
    133a:	08 95       	ret

0000133c <__fp_round>:
    133c:	09 2e       	mov	r0, r25
    133e:	03 94       	inc	r0
    1340:	00 0c       	add	r0, r0
    1342:	11 f4       	brne	.+4      	; 0x1348 <__fp_round+0xc>
    1344:	88 23       	and	r24, r24
    1346:	52 f0       	brmi	.+20     	; 0x135c <__fp_round+0x20>
    1348:	bb 0f       	add	r27, r27
    134a:	40 f4       	brcc	.+16     	; 0x135c <__fp_round+0x20>
    134c:	bf 2b       	or	r27, r31
    134e:	11 f4       	brne	.+4      	; 0x1354 <__fp_round+0x18>
    1350:	60 ff       	sbrs	r22, 0
    1352:	04 c0       	rjmp	.+8      	; 0x135c <__fp_round+0x20>
    1354:	6f 5f       	subi	r22, 0xFF	; 255
    1356:	7f 4f       	sbci	r23, 0xFF	; 255
    1358:	8f 4f       	sbci	r24, 0xFF	; 255
    135a:	9f 4f       	sbci	r25, 0xFF	; 255
    135c:	08 95       	ret

0000135e <__fp_split3>:
    135e:	57 fd       	sbrc	r21, 7
    1360:	90 58       	subi	r25, 0x80	; 128
    1362:	44 0f       	add	r20, r20
    1364:	55 1f       	adc	r21, r21
    1366:	59 f0       	breq	.+22     	; 0x137e <__fp_splitA+0x10>
    1368:	5f 3f       	cpi	r21, 0xFF	; 255
    136a:	71 f0       	breq	.+28     	; 0x1388 <__fp_splitA+0x1a>
    136c:	47 95       	ror	r20

0000136e <__fp_splitA>:
    136e:	88 0f       	add	r24, r24
    1370:	97 fb       	bst	r25, 7
    1372:	99 1f       	adc	r25, r25
    1374:	61 f0       	breq	.+24     	; 0x138e <__fp_splitA+0x20>
    1376:	9f 3f       	cpi	r25, 0xFF	; 255
    1378:	79 f0       	breq	.+30     	; 0x1398 <__fp_splitA+0x2a>
    137a:	87 95       	ror	r24
    137c:	08 95       	ret
    137e:	12 16       	cp	r1, r18
    1380:	13 06       	cpc	r1, r19
    1382:	14 06       	cpc	r1, r20
    1384:	55 1f       	adc	r21, r21
    1386:	f2 cf       	rjmp	.-28     	; 0x136c <__fp_split3+0xe>
    1388:	46 95       	lsr	r20
    138a:	f1 df       	rcall	.-30     	; 0x136e <__fp_splitA>
    138c:	08 c0       	rjmp	.+16     	; 0x139e <__fp_splitA+0x30>
    138e:	16 16       	cp	r1, r22
    1390:	17 06       	cpc	r1, r23
    1392:	18 06       	cpc	r1, r24
    1394:	99 1f       	adc	r25, r25
    1396:	f1 cf       	rjmp	.-30     	; 0x137a <__fp_splitA+0xc>
    1398:	86 95       	lsr	r24
    139a:	71 05       	cpc	r23, r1
    139c:	61 05       	cpc	r22, r1
    139e:	08 94       	sec
    13a0:	08 95       	ret

000013a2 <__fp_zero>:
    13a2:	e8 94       	clt

000013a4 <__fp_szero>:
    13a4:	bb 27       	eor	r27, r27
    13a6:	66 27       	eor	r22, r22
    13a8:	77 27       	eor	r23, r23
    13aa:	cb 01       	movw	r24, r22
    13ac:	97 f9       	bld	r25, 7
    13ae:	08 95       	ret

000013b0 <__gesf2>:
    13b0:	0e 94 63 09 	call	0x12c6	; 0x12c6 <__fp_cmp>
    13b4:	08 f4       	brcc	.+2      	; 0x13b8 <__gesf2+0x8>
    13b6:	8f ef       	ldi	r24, 0xFF	; 255
    13b8:	08 95       	ret

000013ba <__mulsf3>:
    13ba:	0e 94 f0 09 	call	0x13e0	; 0x13e0 <__mulsf3x>
    13be:	0c 94 9e 09 	jmp	0x133c	; 0x133c <__fp_round>
    13c2:	0e 94 90 09 	call	0x1320	; 0x1320 <__fp_pscA>
    13c6:	38 f0       	brcs	.+14     	; 0x13d6 <__mulsf3+0x1c>
    13c8:	0e 94 97 09 	call	0x132e	; 0x132e <__fp_pscB>
    13cc:	20 f0       	brcs	.+8      	; 0x13d6 <__mulsf3+0x1c>
    13ce:	95 23       	and	r25, r21
    13d0:	11 f0       	breq	.+4      	; 0x13d6 <__mulsf3+0x1c>
    13d2:	0c 94 87 09 	jmp	0x130e	; 0x130e <__fp_inf>
    13d6:	0c 94 8d 09 	jmp	0x131a	; 0x131a <__fp_nan>
    13da:	11 24       	eor	r1, r1
    13dc:	0c 94 d2 09 	jmp	0x13a4	; 0x13a4 <__fp_szero>

000013e0 <__mulsf3x>:
    13e0:	0e 94 af 09 	call	0x135e	; 0x135e <__fp_split3>
    13e4:	70 f3       	brcs	.-36     	; 0x13c2 <__mulsf3+0x8>

000013e6 <__mulsf3_pse>:
    13e6:	95 9f       	mul	r25, r21
    13e8:	c1 f3       	breq	.-16     	; 0x13da <__mulsf3+0x20>
    13ea:	95 0f       	add	r25, r21
    13ec:	50 e0       	ldi	r21, 0x00	; 0
    13ee:	55 1f       	adc	r21, r21
    13f0:	62 9f       	mul	r22, r18
    13f2:	f0 01       	movw	r30, r0
    13f4:	72 9f       	mul	r23, r18
    13f6:	bb 27       	eor	r27, r27
    13f8:	f0 0d       	add	r31, r0
    13fa:	b1 1d       	adc	r27, r1
    13fc:	63 9f       	mul	r22, r19
    13fe:	aa 27       	eor	r26, r26
    1400:	f0 0d       	add	r31, r0
    1402:	b1 1d       	adc	r27, r1
    1404:	aa 1f       	adc	r26, r26
    1406:	64 9f       	mul	r22, r20
    1408:	66 27       	eor	r22, r22
    140a:	b0 0d       	add	r27, r0
    140c:	a1 1d       	adc	r26, r1
    140e:	66 1f       	adc	r22, r22
    1410:	82 9f       	mul	r24, r18
    1412:	22 27       	eor	r18, r18
    1414:	b0 0d       	add	r27, r0
    1416:	a1 1d       	adc	r26, r1
    1418:	62 1f       	adc	r22, r18
    141a:	73 9f       	mul	r23, r19
    141c:	b0 0d       	add	r27, r0
    141e:	a1 1d       	adc	r26, r1
    1420:	62 1f       	adc	r22, r18
    1422:	83 9f       	mul	r24, r19
    1424:	a0 0d       	add	r26, r0
    1426:	61 1d       	adc	r22, r1
    1428:	22 1f       	adc	r18, r18
    142a:	74 9f       	mul	r23, r20
    142c:	33 27       	eor	r19, r19
    142e:	a0 0d       	add	r26, r0
    1430:	61 1d       	adc	r22, r1
    1432:	23 1f       	adc	r18, r19
    1434:	84 9f       	mul	r24, r20
    1436:	60 0d       	add	r22, r0
    1438:	21 1d       	adc	r18, r1
    143a:	82 2f       	mov	r24, r18
    143c:	76 2f       	mov	r23, r22
    143e:	6a 2f       	mov	r22, r26
    1440:	11 24       	eor	r1, r1
    1442:	9f 57       	subi	r25, 0x7F	; 127
    1444:	50 40       	sbci	r21, 0x00	; 0
    1446:	9a f0       	brmi	.+38     	; 0x146e <__mulsf3_pse+0x88>
    1448:	f1 f0       	breq	.+60     	; 0x1486 <__mulsf3_pse+0xa0>
    144a:	88 23       	and	r24, r24
    144c:	4a f0       	brmi	.+18     	; 0x1460 <__mulsf3_pse+0x7a>
    144e:	ee 0f       	add	r30, r30
    1450:	ff 1f       	adc	r31, r31
    1452:	bb 1f       	adc	r27, r27
    1454:	66 1f       	adc	r22, r22
    1456:	77 1f       	adc	r23, r23
    1458:	88 1f       	adc	r24, r24
    145a:	91 50       	subi	r25, 0x01	; 1
    145c:	50 40       	sbci	r21, 0x00	; 0
    145e:	a9 f7       	brne	.-22     	; 0x144a <__mulsf3_pse+0x64>
    1460:	9e 3f       	cpi	r25, 0xFE	; 254
    1462:	51 05       	cpc	r21, r1
    1464:	80 f0       	brcs	.+32     	; 0x1486 <__mulsf3_pse+0xa0>
    1466:	0c 94 87 09 	jmp	0x130e	; 0x130e <__fp_inf>
    146a:	0c 94 d2 09 	jmp	0x13a4	; 0x13a4 <__fp_szero>
    146e:	5f 3f       	cpi	r21, 0xFF	; 255
    1470:	e4 f3       	brlt	.-8      	; 0x146a <__mulsf3_pse+0x84>
    1472:	98 3e       	cpi	r25, 0xE8	; 232
    1474:	d4 f3       	brlt	.-12     	; 0x146a <__mulsf3_pse+0x84>
    1476:	86 95       	lsr	r24
    1478:	77 95       	ror	r23
    147a:	67 95       	ror	r22
    147c:	b7 95       	ror	r27
    147e:	f7 95       	ror	r31
    1480:	e7 95       	ror	r30
    1482:	9f 5f       	subi	r25, 0xFF	; 255
    1484:	c1 f7       	brne	.-16     	; 0x1476 <__mulsf3_pse+0x90>
    1486:	fe 2b       	or	r31, r30
    1488:	88 0f       	add	r24, r24
    148a:	91 1d       	adc	r25, r1
    148c:	96 95       	lsr	r25
    148e:	87 95       	ror	r24
    1490:	97 f9       	bld	r25, 7
    1492:	08 95       	ret

00001494 <_exit>:
    1494:	f8 94       	cli

00001496 <__stop_program>:
    1496:	ff cf       	rjmp	.-2      	; 0x1496 <__stop_program>
